"benchmark","case","repetition","position","implementation","elapsed_seconds","batch_elapsed_seconds","inner_iterations","allocated_bytes","checksum","old_source_md5","new_source_md5","native_md5","native_path","r_version","matrix_version","blas","cpu","platform","thread_settings","benchmark_script_md5"
"finalization_kernel","small_d_unstandardized",1,1,"old",0.00013816631130064,0.324,2345,335792,"26f6fc4c3aea338afc06c1a2017df1f7","2ad4e71da8132eb8065167c6a6b7ac57","210b86a6ef54c501fbfb8d8c15104fa7","aca1284e9a328609975c738a5ab33535","/private/tmp/picasso-refactor-p0-r-check/picasso.Rcheck/picasso/libs/picasso.so","R version 4.5.2 (2025-10-31)","1.7.4","/System/Library/Frameworks/Accelerate.framework/Versions/A/Frameworks/vecLib.framework/Versions/A/libBLAS.dylib","Apple M3 Pro","aarch64-apple-darwin20 | Darwin | 25.5.0 | arm64","OMP_NUM_THREADS=<unset>;OPENBLAS_NUM_THREADS=<unset>;MKL_NUM_THREADS=<unset>;VECLIB_MAXIMUM_THREADS=<unset>;BLIS_NUM_THREADS=<unset>;RCPP_PARALLEL_NUM_THREADS=<unset>","1dae0f9401606e65652336db916eefd7"
"finalization_kernel","small_d_unstandardized",1,2,"new",0.000124946695095949,0.293,2345,258144,"26f6fc4c3aea338afc06c1a2017df1f7","2ad4e71da8132eb8065167c6a6b7ac57","210b86a6ef54c501fbfb8d8c15104fa7","aca1284e9a328609975c738a5ab33535","/private/tmp/picasso-refactor-p0-r-check/picasso.Rcheck/picasso/libs/picasso.so","R version 4.5.2 (2025-10-31)","1.7.4","/System/Library/Frameworks/Accelerate.framework/Versions/A/Frameworks/vecLib.framework/Versions/A/libBLAS.dylib","Apple M3 Pro","aarch64-apple-darwin20 | Darwin | 25.5.0 | arm64","OMP_NUM_THREADS=<unset>;OPENBLAS_NUM_THREADS=<unset>;MKL_NUM_THREADS=<unset>;VECLIB_MAXIMUM_THREADS=<unset>;BLIS_NUM_THREADS=<unset>;RCPP_PARALLEL_NUM_THREADS=<unset>","1dae0f9401606e65652336db916eefd7"
"finalization_kernel","small_d_unstandardized",2,1,"new",0.000109594882729211,0.257,2345,258144,"26f6fc4c3aea338afc06c1a2017df1f7","2ad4e71da8132eb8065167c6a6b7ac57","210b86a6ef54c501fbfb8d8c15104fa7","aca1284e9a328609975c738a5ab33535","/private/tmp/picasso-refactor-p0-r-check/picasso.Rcheck/picasso/libs/picasso.so","R version 4.5.2 (2025-10-31)","1.7.4","/System/Library/Frameworks/Accelerate.framework/Versions/A/Frameworks/vecLib.framework/Versions/A/libBLAS.dylib","Apple M3 Pro","aarch64-apple-darwin20 | Darwin | 25.5.0 | arm64","OMP_NUM_THREADS=<unset>;OPENBLAS_NUM_THREADS=<unset>;MKL_NUM_THREADS=<unset>;VECLIB_MAXIMUM_THREADS=<unset>;BLIS_NUM_THREADS=<unset>;RCPP_PARALLEL_NUM_THREADS=<unset>","1dae0f9401606e65652336db916eefd7"
"finalization_kernel","small_d_unstandardized",2,2,"old",0.000161620469083156,0.379,2345,335792,"26f6fc4c3aea338afc06c1a2017df1f7","2ad4e71da8132eb8065167c6a6b7ac57","210b86a6ef54c501fbfb8d8c15104fa7","aca1284e9a328609975c738a5ab33535","/private/tmp/picasso-refactor-p0-r-check/picasso.Rcheck/picasso/libs/picasso.so","R version 4.5.2 (2025-10-31)","1.7.4","/System/Library/Frameworks/Accelerate.framework/Versions/A/Frameworks/vecLib.framework/Versions/A/libBLAS.dylib","Apple M3 Pro","aarch64-apple-darwin20 | Darwin | 25.5.0 | arm64","OMP_NUM_THREADS=<unset>;OPENBLAS_NUM_THREADS=<unset>;MKL_NUM_THREADS=<unset>;VECLIB_MAXIMUM_THREADS=<unset>;BLIS_NUM_THREADS=<unset>;RCPP_PARALLEL_NUM_THREADS=<unset>","1dae0f9401606e65652336db916eefd7"
"finalization_kernel","small_d_unstandardized",3,1,"old",0.000146268656716418,0.343,2345,335792,"26f6fc4c3aea338afc06c1a2017df1f7","2ad4e71da8132eb8065167c6a6b7ac57","210b86a6ef54c501fbfb8d8c15104fa7","aca1284e9a328609975c738a5ab33535","/private/tmp/picasso-refactor-p0-r-check/picasso.Rcheck/picasso/libs/picasso.so","R version 4.5.2 (2025-10-31)","1.7.4","/System/Library/Frameworks/Accelerate.framework/Versions/A/Frameworks/vecLib.framework/Versions/A/libBLAS.dylib","Apple M3 Pro","aarch64-apple-darwin20 | Darwin | 25.5.0 | arm64","OMP_NUM_THREADS=<unset>;OPENBLAS_NUM_THREADS=<unset>;MKL_NUM_THREADS=<unset>;VECLIB_MAXIMUM_THREADS=<unset>;BLIS_NUM_THREADS=<unset>;RCPP_PARALLEL_NUM_THREADS=<unset>","1dae0f9401606e65652336db916eefd7"
"finalization_kernel","small_d_unstandardized",3,2,"new",0.000132196162046908,0.31,2345,258144,"26f6fc4c3aea338afc06c1a2017df1f7","2ad4e71da8132eb8065167c6a6b7ac57","210b86a6ef54c501fbfb8d8c15104fa7","aca1284e9a328609975c738a5ab33535","/private/tmp/picasso-refactor-p0-r-check/picasso.Rcheck/picasso/libs/picasso.so","R version 4.5.2 (2025-10-31)","1.7.4","/System/Library/Frameworks/Accelerate.framework/Versions/A/Frameworks/vecLib.framework/Versions/A/libBLAS.dylib","Apple M3 Pro","aarch64-apple-darwin20 | Darwin | 25.5.0 | arm64","OMP_NUM_THREADS=<unset>;OPENBLAS_NUM_THREADS=<unset>;MKL_NUM_THREADS=<unset>;VECLIB_MAXIMUM_THREADS=<unset>;BLIS_NUM_THREADS=<unset>;RCPP_PARALLEL_NUM_THREADS=<unset>","1dae0f9401606e65652336db916eefd7"
"finalization_kernel","small_d_unstandardized",4,1,"new",0.000112579957356076,0.263999999999999,2345,258144,"26f6fc4c3aea338afc06c1a2017df1f7","2ad4e71da8132eb8065167c6a6b7ac57","210b86a6ef54c501fbfb8d8c15104fa7","aca1284e9a328609975c738a5ab33535","/private/tmp/picasso-refactor-p0-r-check/picasso.Rcheck/picasso/libs/picasso.so","R version 4.5.2 (2025-10-31)","1.7.4","/System/Library/Frameworks/Accelerate.framework/Versions/A/Frameworks/vecLib.framework/Versions/A/libBLAS.dylib","Apple M3 Pro","aarch64-apple-darwin20 | Darwin | 25.5.0 | arm64","OMP_NUM_THREADS=<unset>;OPENBLAS_NUM_THREADS=<unset>;MKL_NUM_THREADS=<unset>;VECLIB_MAXIMUM_THREADS=<unset>;BLIS_NUM_THREADS=<unset>;RCPP_PARALLEL_NUM_THREADS=<unset>","1dae0f9401606e65652336db916eefd7"
"finalization_kernel","small_d_unstandardized",4,2,"old",0.000150959488272921,0.354,2345,335792,"26f6fc4c3aea338afc06c1a2017df1f7","2ad4e71da8132eb8065167c6a6b7ac57","210b86a6ef54c501fbfb8d8c15104fa7","aca1284e9a328609975c738a5ab33535","/private/tmp/picasso-refactor-p0-r-check/picasso.Rcheck/picasso/libs/picasso.so","R version 4.5.2 (2025-10-31)","1.7.4","/System/Library/Frameworks/Accelerate.framework/Versions/A/Frameworks/vecLib.framework/Versions/A/libBLAS.dylib","Apple M3 Pro","aarch64-apple-darwin20 | Darwin | 25.5.0 | arm64","OMP_NUM_THREADS=<unset>;OPENBLAS_NUM_THREADS=<unset>;MKL_NUM_THREADS=<unset>;VECLIB_MAXIMUM_THREADS=<unset>;BLIS_NUM_THREADS=<unset>;RCPP_PARALLEL_NUM_THREADS=<unset>","1dae0f9401606e65652336db916eefd7"
"finalization_kernel","small_d_unstandardized",5,1,"old",0.000140298507462686,0.329,2345,335792,"26f6fc4c3aea338afc06c1a2017df1f7","2ad4e71da8132eb8065167c6a6b7ac57","210b86a6ef54c501fbfb8d8c15104fa7","aca1284e9a328609975c738a5ab33535","/private/tmp/picasso-refactor-p0-r-check/picasso.Rcheck/picasso/libs/picasso.so","R version 4.5.2 (2025-10-31)","1.7.4","/System/Library/Frameworks/Accelerate.framework/Versions/A/Frameworks/vecLib.framework/Versions/A/libBLAS.dylib","Apple M3 Pro","aarch64-apple-darwin20 | Darwin | 25.5.0 | arm64","OMP_NUM_THREADS=<unset>;OPENBLAS_NUM_THREADS=<unset>;MKL_NUM_THREADS=<unset>;VECLIB_MAXIMUM_THREADS=<unset>;BLIS_NUM_THREADS=<unset>;RCPP_PARALLEL_NUM_THREADS=<unset>","1dae0f9401606e65652336db916eefd7"
"finalization_kernel","small_d_unstandardized",5,2,"new",0.000123240938166311,0.289,2345,258144,"26f6fc4c3aea338afc06c1a2017df1f7","2ad4e71da8132eb8065167c6a6b7ac57","210b86a6ef54c501fbfb8d8c15104fa7","aca1284e9a328609975c738a5ab33535","/private/tmp/picasso-refactor-p0-r-check/picasso.Rcheck/picasso/libs/picasso.so","R version 4.5.2 (2025-10-31)","1.7.4","/System/Library/Frameworks/Accelerate.framework/Versions/A/Frameworks/vecLib.framework/Versions/A/libBLAS.dylib","Apple M3 Pro","aarch64-apple-darwin20 | Darwin | 25.5.0 | arm64","OMP_NUM_THREADS=<unset>;OPENBLAS_NUM_THREADS=<unset>;MKL_NUM_THREADS=<unset>;VECLIB_MAXIMUM_THREADS=<unset>;BLIS_NUM_THREADS=<unset>;RCPP_PARALLEL_NUM_THREADS=<unset>","1dae0f9401606e65652336db916eefd7"
"finalization_kernel","small_d_unstandardized",6,1,"new",0.000122814498933902,0.287999999999999,2345,258144,"26f6fc4c3aea338afc06c1a2017df1f7","2ad4e71da8132eb8065167c6a6b7ac57","210b86a6ef54c501fbfb8d8c15104fa7","aca1284e9a328609975c738a5ab33535","/private/tmp/picasso-refactor-p0-r-check/picasso.Rcheck/picasso/libs/picasso.so","R version 4.5.2 (2025-10-31)","1.7.4","/System/Library/Frameworks/Accelerate.framework/Versions/A/Frameworks/vecLib.framework/Versions/A/libBLAS.dylib","Apple M3 Pro","aarch64-apple-darwin20 | Darwin | 25.5.0 | arm64","OMP_NUM_THREADS=<unset>;OPENBLAS_NUM_THREADS=<unset>;MKL_NUM_THREADS=<unset>;VECLIB_MAXIMUM_THREADS=<unset>;BLIS_NUM_THREADS=<unset>;RCPP_PARALLEL_NUM_THREADS=<unset>","1dae0f9401606e65652336db916eefd7"
"finalization_kernel","small_d_unstandardized",6,2,"old",0.000129637526652452,0.304,2345,335792,"26f6fc4c3aea338afc06c1a2017df1f7","2ad4e71da8132eb8065167c6a6b7ac57","210b86a6ef54c501fbfb8d8c15104fa7","aca1284e9a328609975c738a5ab33535","/private/tmp/picasso-refactor-p0-r-check/picasso.Rcheck/picasso/libs/picasso.so","R version 4.5.2 (2025-10-31)","1.7.4","/System/Library/Frameworks/Accelerate.framework/Versions/A/Frameworks/vecLib.framework/Versions/A/libBLAS.dylib","Apple M3 Pro","aarch64-apple-darwin20 | Darwin | 25.5.0 | arm64","OMP_NUM_THREADS=<unset>;OPENBLAS_NUM_THREADS=<unset>;MKL_NUM_THREADS=<unset>;VECLIB_MAXIMUM_THREADS=<unset>;BLIS_NUM_THREADS=<unset>;RCPP_PARALLEL_NUM_THREADS=<unset>","1dae0f9401606e65652336db916eefd7"
"finalization_kernel","small_d_unstandardized",7,1,"old",0.000147121535181237,0.345000000000001,2345,335792,"26f6fc4c3aea338afc06c1a2017df1f7","2ad4e71da8132eb8065167c6a6b7ac57","210b86a6ef54c501fbfb8d8c15104fa7","aca1284e9a328609975c738a5ab33535","/private/tmp/picasso-refactor-p0-r-check/picasso.Rcheck/picasso/libs/picasso.so","R version 4.5.2 (2025-10-31)","1.7.4","/System/Library/Frameworks/Accelerate.framework/Versions/A/Frameworks/vecLib.framework/Versions/A/libBLAS.dylib","Apple M3 Pro","aarch64-apple-darwin20 | Darwin | 25.5.0 | arm64","OMP_NUM_THREADS=<unset>;OPENBLAS_NUM_THREADS=<unset>;MKL_NUM_THREADS=<unset>;VECLIB_MAXIMUM_THREADS=<unset>;BLIS_NUM_THREADS=<unset>;RCPP_PARALLEL_NUM_THREADS=<unset>","1dae0f9401606e65652336db916eefd7"
"finalization_kernel","small_d_unstandardized",7,2,"new",0.000118976545842217,0.279,2345,258144,"26f6fc4c3aea338afc06c1a2017df1f7","2ad4e71da8132eb8065167c6a6b7ac57","210b86a6ef54c501fbfb8d8c15104fa7","aca1284e9a328609975c738a5ab33535","/private/tmp/picasso-refactor-p0-r-check/picasso.Rcheck/picasso/libs/picasso.so","R version 4.5.2 (2025-10-31)","1.7.4","/System/Library/Frameworks/Accelerate.framework/Versions/A/Frameworks/vecLib.framework/Versions/A/libBLAS.dylib","Apple M3 Pro","aarch64-apple-darwin20 | Darwin | 25.5.0 | arm64","OMP_NUM_THREADS=<unset>;OPENBLAS_NUM_THREADS=<unset>;MKL_NUM_THREADS=<unset>;VECLIB_MAXIMUM_THREADS=<unset>;BLIS_NUM_THREADS=<unset>;RCPP_PARALLEL_NUM_THREADS=<unset>","1dae0f9401606e65652336db916eefd7"
"finalization_kernel","small_d_unstandardized",8,1,"new",0.00013091684434968,0.307,2345,258144,"26f6fc4c3aea338afc06c1a2017df1f7","2ad4e71da8132eb8065167c6a6b7ac57","210b86a6ef54c501fbfb8d8c15104fa7","aca1284e9a328609975c738a5ab33535","/private/tmp/picasso-refactor-p0-r-check/picasso.Rcheck/picasso/libs/picasso.so","R version 4.5.2 (2025-10-31)","1.7.4","/System/Library/Frameworks/Accelerate.framework/Versions/A/Frameworks/vecLib.framework/Versions/A/libBLAS.dylib","Apple M3 Pro","aarch64-apple-darwin20 | Darwin | 25.5.0 | arm64","OMP_NUM_THREADS=<unset>;OPENBLAS_NUM_THREADS=<unset>;MKL_NUM_THREADS=<unset>;VECLIB_MAXIMUM_THREADS=<unset>;BLIS_NUM_THREADS=<unset>;RCPP_PARALLEL_NUM_THREADS=<unset>","1dae0f9401606e65652336db916eefd7"
"finalization_kernel","small_d_unstandardized",8,2,"old",0.000140298507462686,0.328999999999999,2345,335792,"26f6fc4c3aea338afc06c1a2017df1f7","2ad4e71da8132eb8065167c6a6b7ac57","210b86a6ef54c501fbfb8d8c15104fa7","aca1284e9a328609975c738a5ab33535","/private/tmp/picasso-refactor-p0-r-check/picasso.Rcheck/picasso/libs/picasso.so","R version 4.5.2 (2025-10-31)","1.7.4","/System/Library/Frameworks/Accelerate.framework/Versions/A/Frameworks/vecLib.framework/Versions/A/libBLAS.dylib","Apple M3 Pro","aarch64-apple-darwin20 | Darwin | 25.5.0 | arm64","OMP_NUM_THREADS=<unset>;OPENBLAS_NUM_THREADS=<unset>;MKL_NUM_THREADS=<unset>;VECLIB_MAXIMUM_THREADS=<unset>;BLIS_NUM_THREADS=<unset>;RCPP_PARALLEL_NUM_THREADS=<unset>","1dae0f9401606e65652336db916eefd7"
"finalization_kernel","small_d_unstandardized",9,1,"old",0.000162046908315565,0.380000000000001,2345,335792,"26f6fc4c3aea338afc06c1a2017df1f7","2ad4e71da8132eb8065167c6a6b7ac57","210b86a6ef54c501fbfb8d8c15104fa7","aca1284e9a328609975c738a5ab33535","/private/tmp/picasso-refactor-p0-r-check/picasso.Rcheck/picasso/libs/picasso.so","R version 4.5.2 (2025-10-31)","1.7.4","/System/Library/Frameworks/Accelerate.framework/Versions/A/Frameworks/vecLib.framework/Versions/A/libBLAS.dylib","Apple M3 Pro","aarch64-apple-darwin20 | Darwin | 25.5.0 | arm64","OMP_NUM_THREADS=<unset>;OPENBLAS_NUM_THREADS=<unset>;MKL_NUM_THREADS=<unset>;VECLIB_MAXIMUM_THREADS=<unset>;BLIS_NUM_THREADS=<unset>;RCPP_PARALLEL_NUM_THREADS=<unset>","1dae0f9401606e65652336db916eefd7"
"finalization_kernel","small_d_unstandardized",9,2,"new",0.000111300639658849,0.261000000000001,2345,258144,"26f6fc4c3aea338afc06c1a2017df1f7","2ad4e71da8132eb8065167c6a6b7ac57","210b86a6ef54c501fbfb8d8c15104fa7","aca1284e9a328609975c738a5ab33535","/private/tmp/picasso-refactor-p0-r-check/picasso.Rcheck/picasso/libs/picasso.so","R version 4.5.2 (2025-10-31)","1.7.4","/System/Library/Frameworks/Accelerate.framework/Versions/A/Frameworks/vecLib.framework/Versions/A/libBLAS.dylib","Apple M3 Pro","aarch64-apple-darwin20 | Darwin | 25.5.0 | arm64","OMP_NUM_THREADS=<unset>;OPENBLAS_NUM_THREADS=<unset>;MKL_NUM_THREADS=<unset>;VECLIB_MAXIMUM_THREADS=<unset>;BLIS_NUM_THREADS=<unset>;RCPP_PARALLEL_NUM_THREADS=<unset>","1dae0f9401606e65652336db916eefd7"
"finalization_kernel","small_d_standardized",1,1,"old",0.000178023032629559,0.371,2084,438288,"f3e5168145b11f9aaf28a8b1309ad218","2ad4e71da8132eb8065167c6a6b7ac57","210b86a6ef54c501fbfb8d8c15104fa7","aca1284e9a328609975c738a5ab33535","/private/tmp/picasso-refactor-p0-r-check/picasso.Rcheck/picasso/libs/picasso.so","R version 4.5.2 (2025-10-31)","1.7.4","/System/Library/Frameworks/Accelerate.framework/Versions/A/Frameworks/vecLib.framework/Versions/A/libBLAS.dylib","Apple M3 Pro","aarch64-apple-darwin20 | Darwin | 25.5.0 | arm64","OMP_NUM_THREADS=<unset>;OPENBLAS_NUM_THREADS=<unset>;MKL_NUM_THREADS=<unset>;VECLIB_MAXIMUM_THREADS=<unset>;BLIS_NUM_THREADS=<unset>;RCPP_PARALLEL_NUM_THREADS=<unset>","1dae0f9401606e65652336db916eefd7"
"finalization_kernel","small_d_standardized",1,2,"new",0.000140595009596929,0.293000000000001,2084,309392,"f3e5168145b11f9aaf28a8b1309ad218","2ad4e71da8132eb8065167c6a6b7ac57","210b86a6ef54c501fbfb8d8c15104fa7","aca1284e9a328609975c738a5ab33535","/private/tmp/picasso-refactor-p0-r-check/picasso.Rcheck/picasso/libs/picasso.so","R version 4.5.2 (2025-10-31)","1.7.4","/System/Library/Frameworks/Accelerate.framework/Versions/A/Frameworks/vecLib.framework/Versions/A/libBLAS.dylib","Apple M3 Pro","aarch64-apple-darwin20 | Darwin | 25.5.0 | arm64","OMP_NUM_THREADS=<unset>;OPENBLAS_NUM_THREADS=<unset>;MKL_NUM_THREADS=<unset>;VECLIB_MAXIMUM_THREADS=<unset>;BLIS_NUM_THREADS=<unset>;RCPP_PARALLEL_NUM_THREADS=<unset>","1dae0f9401606e65652336db916eefd7"
"finalization_kernel","small_d_standardized",2,1,"new",0.000120441458733205,0.250999999999999,2084,309392,"f3e5168145b11f9aaf28a8b1309ad218","2ad4e71da8132eb8065167c6a6b7ac57","210b86a6ef54c501fbfb8d8c15104fa7","aca1284e9a328609975c738a5ab33535","/private/tmp/picasso-refactor-p0-r-check/picasso.Rcheck/picasso/libs/picasso.so","R version 4.5.2 (2025-10-31)","1.7.4","/System/Library/Frameworks/Accelerate.framework/Versions/A/Frameworks/vecLib.framework/Versions/A/libBLAS.dylib","Apple M3 Pro","aarch64-apple-darwin20 | Darwin | 25.5.0 | arm64","OMP_NUM_THREADS=<unset>;OPENBLAS_NUM_THREADS=<unset>;MKL_NUM_THREADS=<unset>;VECLIB_MAXIMUM_THREADS=<unset>;BLIS_NUM_THREADS=<unset>;RCPP_PARALLEL_NUM_THREADS=<unset>","1dae0f9401606e65652336db916eefd7"
"finalization_kernel","small_d_standardized",2,2,"old",0.000172264875239923,0.359,2084,438288,"f3e5168145b11f9aaf28a8b1309ad218","2ad4e71da8132eb8065167c6a6b7ac57","210b86a6ef54c501fbfb8d8c15104fa7","aca1284e9a328609975c738a5ab33535","/private/tmp/picasso-refactor-p0-r-check/picasso.Rcheck/picasso/libs/picasso.so","R version 4.5.2 (2025-10-31)","1.7.4","/System/Library/Frameworks/Accelerate.framework/Versions/A/Frameworks/vecLib.framework/Versions/A/libBLAS.dylib","Apple M3 Pro","aarch64-apple-darwin20 | Darwin | 25.5.0 | arm64","OMP_NUM_THREADS=<unset>;OPENBLAS_NUM_THREADS=<unset>;MKL_NUM_THREADS=<unset>;VECLIB_MAXIMUM_THREADS=<unset>;BLIS_NUM_THREADS=<unset>;RCPP_PARALLEL_NUM_THREADS=<unset>","1dae0f9401606e65652336db916eefd7"
"finalization_kernel","small_d_standardized",3,1,"old",0.000197216890595009,0.411,2084,438288,"f3e5168145b11f9aaf28a8b1309ad218","2ad4e71da8132eb8065167c6a6b7ac57","210b86a6ef54c501fbfb8d8c15104fa7","aca1284e9a328609975c738a5ab33535","/private/tmp/picasso-refactor-p0-r-check/picasso.Rcheck/picasso/libs/picasso.so","R version 4.5.2 (2025-10-31)","1.7.4","/System/Library/Frameworks/Accelerate.framework/Versions/A/Frameworks/vecLib.framework/Versions/A/libBLAS.dylib","Apple M3 Pro","aarch64-apple-darwin20 | Darwin | 25.5.0 | arm64","OMP_NUM_THREADS=<unset>;OPENBLAS_NUM_THREADS=<unset>;MKL_NUM_THREADS=<unset>;VECLIB_MAXIMUM_THREADS=<unset>;BLIS_NUM_THREADS=<unset>;RCPP_PARALLEL_NUM_THREADS=<unset>","1dae0f9401606e65652336db916eefd7"
"finalization_kernel","small_d_standardized",3,2,"new",0.00012380038387716,0.258000000000001,2084,309392,"f3e5168145b11f9aaf28a8b1309ad218","2ad4e71da8132eb8065167c6a6b7ac57","210b86a6ef54c501fbfb8d8c15104fa7","aca1284e9a328609975c738a5ab33535","/private/tmp/picasso-refactor-p0-r-check/picasso.Rcheck/picasso/libs/picasso.so","R version 4.5.2 (2025-10-31)","1.7.4","/System/Library/Frameworks/Accelerate.framework/Versions/A/Frameworks/vecLib.framework/Versions/A/libBLAS.dylib","Apple M3 Pro","aarch64-apple-darwin20 | Darwin | 25.5.0 | arm64","OMP_NUM_THREADS=<unset>;OPENBLAS_NUM_THREADS=<unset>;MKL_NUM_THREADS=<unset>;VECLIB_MAXIMUM_THREADS=<unset>;BLIS_NUM_THREADS=<unset>;RCPP_PARALLEL_NUM_THREADS=<unset>","1dae0f9401606e65652336db916eefd7"
"finalization_kernel","small_d_standardized",4,1,"new",0.000119481765834933,0.249000000000001,2084,309392,"f3e5168145b11f9aaf28a8b1309ad218","2ad4e71da8132eb8065167c6a6b7ac57","210b86a6ef54c501fbfb8d8c15104fa7","aca1284e9a328609975c738a5ab33535","/private/tmp/picasso-refactor-p0-r-check/picasso.Rcheck/picasso/libs/picasso.so","R version 4.5.2 (2025-10-31)","1.7.4","/System/Library/Frameworks/Accelerate.framework/Versions/A/Frameworks/vecLib.framework/Versions/A/libBLAS.dylib","Apple M3 Pro","aarch64-apple-darwin20 | Darwin | 25.5.0 | arm64","OMP_NUM_THREADS=<unset>;OPENBLAS_NUM_THREADS=<unset>;MKL_NUM_THREADS=<unset>;VECLIB_MAXIMUM_THREADS=<unset>;BLIS_NUM_THREADS=<unset>;RCPP_PARALLEL_NUM_THREADS=<unset>","1dae0f9401606e65652336db916eefd7"
"finalization_kernel","small_d_standardized",4,2,"old",0.000190978886756238,0.398,2084,438288,"f3e5168145b11f9aaf28a8b1309ad218","2ad4e71da8132eb8065167c6a6b7ac57","210b86a6ef54c501fbfb8d8c15104fa7","aca1284e9a328609975c738a5ab33535","/private/tmp/picasso-refactor-p0-r-check/picasso.Rcheck/picasso/libs/picasso.so","R version 4.5.2 (2025-10-31)","1.7.4","/System/Library/Frameworks/Accelerate.framework/Versions/A/Frameworks/vecLib.framework/Versions/A/libBLAS.dylib","Apple M3 Pro","aarch64-apple-darwin20 | Darwin | 25.5.0 | arm64","OMP_NUM_THREADS=<unset>;OPENBLAS_NUM_THREADS=<unset>;MKL_NUM_THREADS=<unset>;VECLIB_MAXIMUM_THREADS=<unset>;BLIS_NUM_THREADS=<unset>;RCPP_PARALLEL_NUM_THREADS=<unset>","1dae0f9401606e65652336db916eefd7"
"finalization_kernel","small_d_standardized",5,1,"old",0.000183781190019193,0.382999999999999,2084,438288,"f3e5168145b11f9aaf28a8b1309ad218","2ad4e71da8132eb8065167c6a6b7ac57","210b86a6ef54c501fbfb8d8c15104fa7","aca1284e9a328609975c738a5ab33535","/private/tmp/picasso-refactor-p0-r-check/picasso.Rcheck/picasso/libs/picasso.so","R version 4.5.2 (2025-10-31)","1.7.4","/System/Library/Frameworks/Accelerate.framework/Versions/A/Frameworks/vecLib.framework/Versions/A/libBLAS.dylib","Apple M3 Pro","aarch64-apple-darwin20 | Darwin | 25.5.0 | arm64","OMP_NUM_THREADS=<unset>;OPENBLAS_NUM_THREADS=<unset>;MKL_NUM_THREADS=<unset>;VECLIB_MAXIMUM_THREADS=<unset>;BLIS_NUM_THREADS=<unset>;RCPP_PARALLEL_NUM_THREADS=<unset>","1dae0f9401606e65652336db916eefd7"
"finalization_kernel","small_d_standardized",5,2,"new",0.00012763915547025,0.266,2084,309392,"f3e5168145b11f9aaf28a8b1309ad218","2ad4e71da8132eb8065167c6a6b7ac57","210b86a6ef54c501fbfb8d8c15104fa7","aca1284e9a328609975c738a5ab33535","/private/tmp/picasso-refactor-p0-r-check/picasso.Rcheck/picasso/libs/picasso.so","R version 4.5.2 (2025-10-31)","1.7.4","/System/Library/Frameworks/Accelerate.framework/Versions/A/Frameworks/vecLib.framework/Versions/A/libBLAS.dylib","Apple M3 Pro","aarch64-apple-darwin20 | Darwin | 25.5.0 | arm64","OMP_NUM_THREADS=<unset>;OPENBLAS_NUM_THREADS=<unset>;MKL_NUM_THREADS=<unset>;VECLIB_MAXIMUM_THREADS=<unset>;BLIS_NUM_THREADS=<unset>;RCPP_PARALLEL_NUM_THREADS=<unset>","1dae0f9401606e65652336db916eefd7"
"finalization_kernel","small_d_standardized",6,1,"new",0.000143474088291746,0.299,2084,309392,"f3e5168145b11f9aaf28a8b1309ad218","2ad4e71da8132eb8065167c6a6b7ac57","210b86a6ef54c501fbfb8d8c15104fa7","aca1284e9a328609975c738a5ab33535","/private/tmp/picasso-refactor-p0-r-check/picasso.Rcheck/picasso/libs/picasso.so","R version 4.5.2 (2025-10-31)","1.7.4","/System/Library/Frameworks/Accelerate.framework/Versions/A/Frameworks/vecLib.framework/Versions/A/libBLAS.dylib","Apple M3 Pro","aarch64-apple-darwin20 | Darwin | 25.5.0 | arm64","OMP_NUM_THREADS=<unset>;OPENBLAS_NUM_THREADS=<unset>;MKL_NUM_THREADS=<unset>;VECLIB_MAXIMUM_THREADS=<unset>;BLIS_NUM_THREADS=<unset>;RCPP_PARALLEL_NUM_THREADS=<unset>","1dae0f9401606e65652336db916eefd7"
"finalization_kernel","small_d_standardized",6,2,"old",0.000171305182341651,0.357000000000001,2084,438288,"f3e5168145b11f9aaf28a8b1309ad218","2ad4e71da8132eb8065167c6a6b7ac57","210b86a6ef54c501fbfb8d8c15104fa7","aca1284e9a328609975c738a5ab33535","/private/tmp/picasso-refactor-p0-r-check/picasso.Rcheck/picasso/libs/picasso.so","R version 4.5.2 (2025-10-31)","1.7.4","/System/Library/Frameworks/Accelerate.framework/Versions/A/Frameworks/vecLib.framework/Versions/A/libBLAS.dylib","Apple M3 Pro","aarch64-apple-darwin20 | Darwin | 25.5.0 | arm64","OMP_NUM_THREADS=<unset>;OPENBLAS_NUM_THREADS=<unset>;MKL_NUM_THREADS=<unset>;VECLIB_MAXIMUM_THREADS=<unset>;BLIS_NUM_THREADS=<unset>;RCPP_PARALLEL_NUM_THREADS=<unset>","1dae0f9401606e65652336db916eefd7"
"finalization_kernel","small_d_standardized",7,1,"old",0.000177543186180422,0.369999999999999,2084,438288,"f3e5168145b11f9aaf28a8b1309ad218","2ad4e71da8132eb8065167c6a6b7ac57","210b86a6ef54c501fbfb8d8c15104fa7","aca1284e9a328609975c738a5ab33535","/private/tmp/picasso-refactor-p0-r-check/picasso.Rcheck/picasso/libs/picasso.so","R version 4.5.2 (2025-10-31)","1.7.4","/System/Library/Frameworks/Accelerate.framework/Versions/A/Frameworks/vecLib.framework/Versions/A/libBLAS.dylib","Apple M3 Pro","aarch64-apple-darwin20 | Darwin | 25.5.0 | arm64","OMP_NUM_THREADS=<unset>;OPENBLAS_NUM_THREADS=<unset>;MKL_NUM_THREADS=<unset>;VECLIB_MAXIMUM_THREADS=<unset>;BLIS_NUM_THREADS=<unset>;RCPP_PARALLEL_NUM_THREADS=<unset>","1dae0f9401606e65652336db916eefd7"
"finalization_kernel","small_d_standardized",7,2,"new",0.000119001919385795,0.247999999999998,2084,309392,"f3e5168145b11f9aaf28a8b1309ad218","2ad4e71da8132eb8065167c6a6b7ac57","210b86a6ef54c501fbfb8d8c15104fa7","aca1284e9a328609975c738a5ab33535","/private/tmp/picasso-refactor-p0-r-check/picasso.Rcheck/picasso/libs/picasso.so","R version 4.5.2 (2025-10-31)","1.7.4","/System/Library/Frameworks/Accelerate.framework/Versions/A/Frameworks/vecLib.framework/Versions/A/libBLAS.dylib","Apple M3 Pro","aarch64-apple-darwin20 | Darwin | 25.5.0 | arm64","OMP_NUM_THREADS=<unset>;OPENBLAS_NUM_THREADS=<unset>;MKL_NUM_THREADS=<unset>;VECLIB_MAXIMUM_THREADS=<unset>;BLIS_NUM_THREADS=<unset>;RCPP_PARALLEL_NUM_THREADS=<unset>","1dae0f9401606e65652336db916eefd7"
"finalization_kernel","small_d_standardized",8,1,"new",0.000129558541266794,0.27,2084,309392,"f3e5168145b11f9aaf28a8b1309ad218","2ad4e71da8132eb8065167c6a6b7ac57","210b86a6ef54c501fbfb8d8c15104fa7","aca1284e9a328609975c738a5ab33535","/private/tmp/picasso-refactor-p0-r-check/picasso.Rcheck/picasso/libs/picasso.so","R version 4.5.2 (2025-10-31)","1.7.4","/System/Library/Frameworks/Accelerate.framework/Versions/A/Frameworks/vecLib.framework/Versions/A/libBLAS.dylib","Apple M3 Pro","aarch64-apple-darwin20 | Darwin | 25.5.0 | arm64","OMP_NUM_THREADS=<unset>;OPENBLAS_NUM_THREADS=<unset>;MKL_NUM_THREADS=<unset>;VECLIB_MAXIMUM_THREADS=<unset>;BLIS_NUM_THREADS=<unset>;RCPP_PARALLEL_NUM_THREADS=<unset>","1dae0f9401606e65652336db916eefd7"
"finalization_kernel","small_d_standardized",8,2,"old",0.000196737044145873,0.41,2084,438288,"f3e5168145b11f9aaf28a8b1309ad218","2ad4e71da8132eb8065167c6a6b7ac57","210b86a6ef54c501fbfb8d8c15104fa7","aca1284e9a328609975c738a5ab33535","/private/tmp/picasso-refactor-p0-r-check/picasso.Rcheck/picasso/libs/picasso.so","R version 4.5.2 (2025-10-31)","1.7.4","/System/Library/Frameworks/Accelerate.framework/Versions/A/Frameworks/vecLib.framework/Versions/A/libBLAS.dylib","Apple M3 Pro","aarch64-apple-darwin20 | Darwin | 25.5.0 | arm64","OMP_NUM_THREADS=<unset>;OPENBLAS_NUM_THREADS=<unset>;MKL_NUM_THREADS=<unset>;VECLIB_MAXIMUM_THREADS=<unset>;BLIS_NUM_THREADS=<unset>;RCPP_PARALLEL_NUM_THREADS=<unset>","1dae0f9401606e65652336db916eefd7"
"finalization_kernel","small_d_standardized",9,1,"old",0.000179462571976968,0.374000000000002,2084,438288,"f3e5168145b11f9aaf28a8b1309ad218","2ad4e71da8132eb8065167c6a6b7ac57","210b86a6ef54c501fbfb8d8c15104fa7","aca1284e9a328609975c738a5ab33535","/private/tmp/picasso-refactor-p0-r-check/picasso.Rcheck/picasso/libs/picasso.so","R version 4.5.2 (2025-10-31)","1.7.4","/System/Library/Frameworks/Accelerate.framework/Versions/A/Frameworks/vecLib.framework/Versions/A/libBLAS.dylib","Apple M3 Pro","aarch64-apple-darwin20 | Darwin | 25.5.0 | arm64","OMP_NUM_THREADS=<unset>;OPENBLAS_NUM_THREADS=<unset>;MKL_NUM_THREADS=<unset>;VECLIB_MAXIMUM_THREADS=<unset>;BLIS_NUM_THREADS=<unset>;RCPP_PARALLEL_NUM_THREADS=<unset>","1dae0f9401606e65652336db916eefd7"
"finalization_kernel","small_d_standardized",9,2,"new",0.000135796545105567,0.283000000000001,2084,309392,"f3e5168145b11f9aaf28a8b1309ad218","2ad4e71da8132eb8065167c6a6b7ac57","210b86a6ef54c501fbfb8d8c15104fa7","aca1284e9a328609975c738a5ab33535","/private/tmp/picasso-refactor-p0-r-check/picasso.Rcheck/picasso/libs/picasso.so","R version 4.5.2 (2025-10-31)","1.7.4","/System/Library/Frameworks/Accelerate.framework/Versions/A/Frameworks/vecLib.framework/Versions/A/libBLAS.dylib","Apple M3 Pro","aarch64-apple-darwin20 | Darwin | 25.5.0 | arm64","OMP_NUM_THREADS=<unset>;OPENBLAS_NUM_THREADS=<unset>;MKL_NUM_THREADS=<unset>;VECLIB_MAXIMUM_THREADS=<unset>;BLIS_NUM_THREADS=<unset>;RCPP_PARALLEL_NUM_THREADS=<unset>","1dae0f9401606e65652336db916eefd7"
"finalization_kernel","large_d_unstandardized",1,1,"old",0.00587777777777778,0.529,90,26022736,"6f4a3a8206e5f3a9256afb62fd6bd75a","2ad4e71da8132eb8065167c6a6b7ac57","210b86a6ef54c501fbfb8d8c15104fa7","aca1284e9a328609975c738a5ab33535","/private/tmp/picasso-refactor-p0-r-check/picasso.Rcheck/picasso/libs/picasso.so","R version 4.5.2 (2025-10-31)","1.7.4","/System/Library/Frameworks/Accelerate.framework/Versions/A/Frameworks/vecLib.framework/Versions/A/libBLAS.dylib","Apple M3 Pro","aarch64-apple-darwin20 | Darwin | 25.5.0 | arm64","OMP_NUM_THREADS=<unset>;OPENBLAS_NUM_THREADS=<unset>;MKL_NUM_THREADS=<unset>;VECLIB_MAXIMUM_THREADS=<unset>;BLIS_NUM_THREADS=<unset>;RCPP_PARALLEL_NUM_THREADS=<unset>","1dae0f9401606e65652336db916eefd7"
"finalization_kernel","large_d_unstandardized",1,2,"new",0.00325555555555555,0.292999999999999,90,20002144,"6f4a3a8206e5f3a9256afb62fd6bd75a","2ad4e71da8132eb8065167c6a6b7ac57","210b86a6ef54c501fbfb8d8c15104fa7","aca1284e9a328609975c738a5ab33535","/private/tmp/picasso-refactor-p0-r-check/picasso.Rcheck/picasso/libs/picasso.so","R version 4.5.2 (2025-10-31)","1.7.4","/System/Library/Frameworks/Accelerate.framework/Versions/A/Frameworks/vecLib.framework/Versions/A/libBLAS.dylib","Apple M3 Pro","aarch64-apple-darwin20 | Darwin | 25.5.0 | arm64","OMP_NUM_THREADS=<unset>;OPENBLAS_NUM_THREADS=<unset>;MKL_NUM_THREADS=<unset>;VECLIB_MAXIMUM_THREADS=<unset>;BLIS_NUM_THREADS=<unset>;RCPP_PARALLEL_NUM_THREADS=<unset>","1dae0f9401606e65652336db916eefd7"
"finalization_kernel","large_d_unstandardized",2,1,"new",0.00351111111111114,0.316000000000003,90,20002144,"6f4a3a8206e5f3a9256afb62fd6bd75a","2ad4e71da8132eb8065167c6a6b7ac57","210b86a6ef54c501fbfb8d8c15104fa7","aca1284e9a328609975c738a5ab33535","/private/tmp/picasso-refactor-p0-r-check/picasso.Rcheck/picasso/libs/picasso.so","R version 4.5.2 (2025-10-31)","1.7.4","/System/Library/Frameworks/Accelerate.framework/Versions/A/Frameworks/vecLib.framework/Versions/A/libBLAS.dylib","Apple M3 Pro","aarch64-apple-darwin20 | Darwin | 25.5.0 | arm64","OMP_NUM_THREADS=<unset>;OPENBLAS_NUM_THREADS=<unset>;MKL_NUM_THREADS=<unset>;VECLIB_MAXIMUM_THREADS=<unset>;BLIS_NUM_THREADS=<unset>;RCPP_PARALLEL_NUM_THREADS=<unset>","1dae0f9401606e65652336db916eefd7"
"finalization_kernel","large_d_unstandardized",2,2,"old",0.00527777777777775,0.474999999999998,90,26022736,"6f4a3a8206e5f3a9256afb62fd6bd75a","2ad4e71da8132eb8065167c6a6b7ac57","210b86a6ef54c501fbfb8d8c15104fa7","aca1284e9a328609975c738a5ab33535","/private/tmp/picasso-refactor-p0-r-check/picasso.Rcheck/picasso/libs/picasso.so","R version 4.5.2 (2025-10-31)","1.7.4","/System/Library/Frameworks/Accelerate.framework/Versions/A/Frameworks/vecLib.framework/Versions/A/libBLAS.dylib","Apple M3 Pro","aarch64-apple-darwin20 | Darwin | 25.5.0 | arm64","OMP_NUM_THREADS=<unset>;OPENBLAS_NUM_THREADS=<unset>;MKL_NUM_THREADS=<unset>;VECLIB_MAXIMUM_THREADS=<unset>;BLIS_NUM_THREADS=<unset>;RCPP_PARALLEL_NUM_THREADS=<unset>","1dae0f9401606e65652336db916eefd7"
"finalization_kernel","large_d_unstandardized",3,1,"old",0.0056111111111111,0.504999999999999,90,26022736,"6f4a3a8206e5f3a9256afb62fd6bd75a","2ad4e71da8132eb8065167c6a6b7ac57","210b86a6ef54c501fbfb8d8c15104fa7","aca1284e9a328609975c738a5ab33535","/private/tmp/picasso-refactor-p0-r-check/picasso.Rcheck/picasso/libs/picasso.so","R version 4.5.2 (2025-10-31)","1.7.4","/System/Library/Frameworks/Accelerate.framework/Versions/A/Frameworks/vecLib.framework/Versions/A/libBLAS.dylib","Apple M3 Pro","aarch64-apple-darwin20 | Darwin | 25.5.0 | arm64","OMP_NUM_THREADS=<unset>;OPENBLAS_NUM_THREADS=<unset>;MKL_NUM_THREADS=<unset>;VECLIB_MAXIMUM_THREADS=<unset>;BLIS_NUM_THREADS=<unset>;RCPP_PARALLEL_NUM_THREADS=<unset>","1dae0f9401606e65652336db916eefd7"
"finalization_kernel","large_d_unstandardized",3,2,"new",0.00313333333333333,0.282,90,20002144,"6f4a3a8206e5f3a9256afb62fd6bd75a","2ad4e71da8132eb8065167c6a6b7ac57","210b86a6ef54c501fbfb8d8c15104fa7","aca1284e9a328609975c738a5ab33535","/private/tmp/picasso-refactor-p0-r-check/picasso.Rcheck/picasso/libs/picasso.so","R version 4.5.2 (2025-10-31)","1.7.4","/System/Library/Frameworks/Accelerate.framework/Versions/A/Frameworks/vecLib.framework/Versions/A/libBLAS.dylib","Apple M3 Pro","aarch64-apple-darwin20 | Darwin | 25.5.0 | arm64","OMP_NUM_THREADS=<unset>;OPENBLAS_NUM_THREADS=<unset>;MKL_NUM_THREADS=<unset>;VECLIB_MAXIMUM_THREADS=<unset>;BLIS_NUM_THREADS=<unset>;RCPP_PARALLEL_NUM_THREADS=<unset>","1dae0f9401606e65652336db916eefd7"
"finalization_kernel","large_d_unstandardized",4,1,"new",0.00348888888888889,0.314,90,20002144,"6f4a3a8206e5f3a9256afb62fd6bd75a","2ad4e71da8132eb8065167c6a6b7ac57","210b86a6ef54c501fbfb8d8c15104fa7","aca1284e9a328609975c738a5ab33535","/private/tmp/picasso-refactor-p0-r-check/picasso.Rcheck/picasso/libs/picasso.so","R version 4.5.2 (2025-10-31)","1.7.4","/System/Library/Frameworks/Accelerate.framework/Versions/A/Frameworks/vecLib.framework/Versions/A/libBLAS.dylib","Apple M3 Pro","aarch64-apple-darwin20 | Darwin | 25.5.0 | arm64","OMP_NUM_THREADS=<unset>;OPENBLAS_NUM_THREADS=<unset>;MKL_NUM_THREADS=<unset>;VECLIB_MAXIMUM_THREADS=<unset>;BLIS_NUM_THREADS=<unset>;RCPP_PARALLEL_NUM_THREADS=<unset>","1dae0f9401606e65652336db916eefd7"
"finalization_kernel","large_d_unstandardized",4,2,"old",0.0047111111111111,0.424,90,26022736,"6f4a3a8206e5f3a9256afb62fd6bd75a","2ad4e71da8132eb8065167c6a6b7ac57","210b86a6ef54c501fbfb8d8c15104fa7","aca1284e9a328609975c738a5ab33535","/private/tmp/picasso-refactor-p0-r-check/picasso.Rcheck/picasso/libs/picasso.so","R version 4.5.2 (2025-10-31)","1.7.4","/System/Library/Frameworks/Accelerate.framework/Versions/A/Frameworks/vecLib.framework/Versions/A/libBLAS.dylib","Apple M3 Pro","aarch64-apple-darwin20 | Darwin | 25.5.0 | arm64","OMP_NUM_THREADS=<unset>;OPENBLAS_NUM_THREADS=<unset>;MKL_NUM_THREADS=<unset>;VECLIB_MAXIMUM_THREADS=<unset>;BLIS_NUM_THREADS=<unset>;RCPP_PARALLEL_NUM_THREADS=<unset>","1dae0f9401606e65652336db916eefd7"
"finalization_kernel","large_d_unstandardized",5,1,"old",0.00558888888888889,0.503,90,26022736,"6f4a3a8206e5f3a9256afb62fd6bd75a","2ad4e71da8132eb8065167c6a6b7ac57","210b86a6ef54c501fbfb8d8c15104fa7","aca1284e9a328609975c738a5ab33535","/private/tmp/picasso-refactor-p0-r-check/picasso.Rcheck/picasso/libs/picasso.so","R version 4.5.2 (2025-10-31)","1.7.4","/System/Library/Frameworks/Accelerate.framework/Versions/A/Frameworks/vecLib.framework/Versions/A/libBLAS.dylib","Apple M3 Pro","aarch64-apple-darwin20 | Darwin | 25.5.0 | arm64","OMP_NUM_THREADS=<unset>;OPENBLAS_NUM_THREADS=<unset>;MKL_NUM_THREADS=<unset>;VECLIB_MAXIMUM_THREADS=<unset>;BLIS_NUM_THREADS=<unset>;RCPP_PARALLEL_NUM_THREADS=<unset>","1dae0f9401606e65652336db916eefd7"
"finalization_kernel","large_d_unstandardized",5,2,"new",0.0029222222222222,0.262999999999998,90,20002144,"6f4a3a8206e5f3a9256afb62fd6bd75a","2ad4e71da8132eb8065167c6a6b7ac57","210b86a6ef54c501fbfb8d8c15104fa7","aca1284e9a328609975c738a5ab33535","/private/tmp/picasso-refactor-p0-r-check/picasso.Rcheck/picasso/libs/picasso.so","R version 4.5.2 (2025-10-31)","1.7.4","/System/Library/Frameworks/Accelerate.framework/Versions/A/Frameworks/vecLib.framework/Versions/A/libBLAS.dylib","Apple M3 Pro","aarch64-apple-darwin20 | Darwin | 25.5.0 | arm64","OMP_NUM_THREADS=<unset>;OPENBLAS_NUM_THREADS=<unset>;MKL_NUM_THREADS=<unset>;VECLIB_MAXIMUM_THREADS=<unset>;BLIS_NUM_THREADS=<unset>;RCPP_PARALLEL_NUM_THREADS=<unset>","1dae0f9401606e65652336db916eefd7"
"finalization_kernel","large_d_unstandardized",6,1,"new",0.003,0.27,90,20002144,"6f4a3a8206e5f3a9256afb62fd6bd75a","2ad4e71da8132eb8065167c6a6b7ac57","210b86a6ef54c501fbfb8d8c15104fa7","aca1284e9a328609975c738a5ab33535","/private/tmp/picasso-refactor-p0-r-check/picasso.Rcheck/picasso/libs/picasso.so","R version 4.5.2 (2025-10-31)","1.7.4","/System/Library/Frameworks/Accelerate.framework/Versions/A/Frameworks/vecLib.framework/Versions/A/libBLAS.dylib","Apple M3 Pro","aarch64-apple-darwin20 | Darwin | 25.5.0 | arm64","OMP_NUM_THREADS=<unset>;OPENBLAS_NUM_THREADS=<unset>;MKL_NUM_THREADS=<unset>;VECLIB_MAXIMUM_THREADS=<unset>;BLIS_NUM_THREADS=<unset>;RCPP_PARALLEL_NUM_THREADS=<unset>","1dae0f9401606e65652336db916eefd7"
"finalization_kernel","large_d_unstandardized",6,2,"old",0.00586666666666669,0.528000000000002,90,26022736,"6f4a3a8206e5f3a9256afb62fd6bd75a","2ad4e71da8132eb8065167c6a6b7ac57","210b86a6ef54c501fbfb8d8c15104fa7","aca1284e9a328609975c738a5ab33535","/private/tmp/picasso-refactor-p0-r-check/picasso.Rcheck/picasso/libs/picasso.so","R version 4.5.2 (2025-10-31)","1.7.4","/System/Library/Frameworks/Accelerate.framework/Versions/A/Frameworks/vecLib.framework/Versions/A/libBLAS.dylib","Apple M3 Pro","aarch64-apple-darwin20 | Darwin | 25.5.0 | arm64","OMP_NUM_THREADS=<unset>;OPENBLAS_NUM_THREADS=<unset>;MKL_NUM_THREADS=<unset>;VECLIB_MAXIMUM_THREADS=<unset>;BLIS_NUM_THREADS=<unset>;RCPP_PARALLEL_NUM_THREADS=<unset>","1dae0f9401606e65652336db916eefd7"
"finalization_kernel","large_d_unstandardized",7,1,"old",0.00467777777777777,0.420999999999999,90,26022736,"6f4a3a8206e5f3a9256afb62fd6bd75a","2ad4e71da8132eb8065167c6a6b7ac57","210b86a6ef54c501fbfb8d8c15104fa7","aca1284e9a328609975c738a5ab33535","/private/tmp/picasso-refactor-p0-r-check/picasso.Rcheck/picasso/libs/picasso.so","R version 4.5.2 (2025-10-31)","1.7.4","/System/Library/Frameworks/Accelerate.framework/Versions/A/Frameworks/vecLib.framework/Versions/A/libBLAS.dylib","Apple M3 Pro","aarch64-apple-darwin20 | Darwin | 25.5.0 | arm64","OMP_NUM_THREADS=<unset>;OPENBLAS_NUM_THREADS=<unset>;MKL_NUM_THREADS=<unset>;VECLIB_MAXIMUM_THREADS=<unset>;BLIS_NUM_THREADS=<unset>;RCPP_PARALLEL_NUM_THREADS=<unset>","1dae0f9401606e65652336db916eefd7"
"finalization_kernel","large_d_unstandardized",7,2,"new",0.00311111111111112,0.280000000000001,90,20002144,"6f4a3a8206e5f3a9256afb62fd6bd75a","2ad4e71da8132eb8065167c6a6b7ac57","210b86a6ef54c501fbfb8d8c15104fa7","aca1284e9a328609975c738a5ab33535","/private/tmp/picasso-refactor-p0-r-check/picasso.Rcheck/picasso/libs/picasso.so","R version 4.5.2 (2025-10-31)","1.7.4","/System/Library/Frameworks/Accelerate.framework/Versions/A/Frameworks/vecLib.framework/Versions/A/libBLAS.dylib","Apple M3 Pro","aarch64-apple-darwin20 | Darwin | 25.5.0 | arm64","OMP_NUM_THREADS=<unset>;OPENBLAS_NUM_THREADS=<unset>;MKL_NUM_THREADS=<unset>;VECLIB_MAXIMUM_THREADS=<unset>;BLIS_NUM_THREADS=<unset>;RCPP_PARALLEL_NUM_THREADS=<unset>","1dae0f9401606e65652336db916eefd7"
"finalization_kernel","large_d_unstandardized",8,1,"new",0.00254444444444444,0.228999999999999,90,20002144,"6f4a3a8206e5f3a9256afb62fd6bd75a","2ad4e71da8132eb8065167c6a6b7ac57","210b86a6ef54c501fbfb8d8c15104fa7","aca1284e9a328609975c738a5ab33535","/private/tmp/picasso-refactor-p0-r-check/picasso.Rcheck/picasso/libs/picasso.so","R version 4.5.2 (2025-10-31)","1.7.4","/System/Library/Frameworks/Accelerate.framework/Versions/A/Frameworks/vecLib.framework/Versions/A/libBLAS.dylib","Apple M3 Pro","aarch64-apple-darwin20 | Darwin | 25.5.0 | arm64","OMP_NUM_THREADS=<unset>;OPENBLAS_NUM_THREADS=<unset>;MKL_NUM_THREADS=<unset>;VECLIB_MAXIMUM_THREADS=<unset>;BLIS_NUM_THREADS=<unset>;RCPP_PARALLEL_NUM_THREADS=<unset>","1dae0f9401606e65652336db916eefd7"
"finalization_kernel","large_d_unstandardized",8,2,"old",0.00534444444444442,0.480999999999998,90,26022736,"6f4a3a8206e5f3a9256afb62fd6bd75a","2ad4e71da8132eb8065167c6a6b7ac57","210b86a6ef54c501fbfb8d8c15104fa7","aca1284e9a328609975c738a5ab33535","/private/tmp/picasso-refactor-p0-r-check/picasso.Rcheck/picasso/libs/picasso.so","R version 4.5.2 (2025-10-31)","1.7.4","/System/Library/Frameworks/Accelerate.framework/Versions/A/Frameworks/vecLib.framework/Versions/A/libBLAS.dylib","Apple M3 Pro","aarch64-apple-darwin20 | Darwin | 25.5.0 | arm64","OMP_NUM_THREADS=<unset>;OPENBLAS_NUM_THREADS=<unset>;MKL_NUM_THREADS=<unset>;VECLIB_MAXIMUM_THREADS=<unset>;BLIS_NUM_THREADS=<unset>;RCPP_PARALLEL_NUM_THREADS=<unset>","1dae0f9401606e65652336db916eefd7"
"finalization_kernel","large_d_unstandardized",9,1,"old",0.00516666666666666,0.465,90,26022736,"6f4a3a8206e5f3a9256afb62fd6bd75a","2ad4e71da8132eb8065167c6a6b7ac57","210b86a6ef54c501fbfb8d8c15104fa7","aca1284e9a328609975c738a5ab33535","/private/tmp/picasso-refactor-p0-r-check/picasso.Rcheck/picasso/libs/picasso.so","R version 4.5.2 (2025-10-31)","1.7.4","/System/Library/Frameworks/Accelerate.framework/Versions/A/Frameworks/vecLib.framework/Versions/A/libBLAS.dylib","Apple M3 Pro","aarch64-apple-darwin20 | Darwin | 25.5.0 | arm64","OMP_NUM_THREADS=<unset>;OPENBLAS_NUM_THREADS=<unset>;MKL_NUM_THREADS=<unset>;VECLIB_MAXIMUM_THREADS=<unset>;BLIS_NUM_THREADS=<unset>;RCPP_PARALLEL_NUM_THREADS=<unset>","1dae0f9401606e65652336db916eefd7"
"finalization_kernel","large_d_unstandardized",9,2,"new",0.00322222222222221,0.289999999999999,90,20002144,"6f4a3a8206e5f3a9256afb62fd6bd75a","2ad4e71da8132eb8065167c6a6b7ac57","210b86a6ef54c501fbfb8d8c15104fa7","aca1284e9a328609975c738a5ab33535","/private/tmp/picasso-refactor-p0-r-check/picasso.Rcheck/picasso/libs/picasso.so","R version 4.5.2 (2025-10-31)","1.7.4","/System/Library/Frameworks/Accelerate.framework/Versions/A/Frameworks/vecLib.framework/Versions/A/libBLAS.dylib","Apple M3 Pro","aarch64-apple-darwin20 | Darwin | 25.5.0 | arm64","OMP_NUM_THREADS=<unset>;OPENBLAS_NUM_THREADS=<unset>;MKL_NUM_THREADS=<unset>;VECLIB_MAXIMUM_THREADS=<unset>;BLIS_NUM_THREADS=<unset>;RCPP_PARALLEL_NUM_THREADS=<unset>","1dae0f9401606e65652336db916eefd7"
"finalization_kernel","large_d_standardized",1,1,"old",0.00712857142857146,0.499000000000002,70,34022832,"15152ae8003efb2db1e5d309fd994876","2ad4e71da8132eb8065167c6a6b7ac57","210b86a6ef54c501fbfb8d8c15104fa7","aca1284e9a328609975c738a5ab33535","/private/tmp/picasso-refactor-p0-r-check/picasso.Rcheck/picasso/libs/picasso.so","R version 4.5.2 (2025-10-31)","1.7.4","/System/Library/Frameworks/Accelerate.framework/Versions/A/Frameworks/vecLib.framework/Versions/A/libBLAS.dylib","Apple M3 Pro","aarch64-apple-darwin20 | Darwin | 25.5.0 | arm64","OMP_NUM_THREADS=<unset>;OPENBLAS_NUM_THREADS=<unset>;MKL_NUM_THREADS=<unset>;VECLIB_MAXIMUM_THREADS=<unset>;BLIS_NUM_THREADS=<unset>;RCPP_PARALLEL_NUM_THREADS=<unset>","1dae0f9401606e65652336db916eefd7"
"finalization_kernel","large_d_standardized",1,2,"new",0.00404285714285711,0.282999999999998,70,24002192,"15152ae8003efb2db1e5d309fd994876","2ad4e71da8132eb8065167c6a6b7ac57","210b86a6ef54c501fbfb8d8c15104fa7","aca1284e9a328609975c738a5ab33535","/private/tmp/picasso-refactor-p0-r-check/picasso.Rcheck/picasso/libs/picasso.so","R version 4.5.2 (2025-10-31)","1.7.4","/System/Library/Frameworks/Accelerate.framework/Versions/A/Frameworks/vecLib.framework/Versions/A/libBLAS.dylib","Apple M3 Pro","aarch64-apple-darwin20 | Darwin | 25.5.0 | arm64","OMP_NUM_THREADS=<unset>;OPENBLAS_NUM_THREADS=<unset>;MKL_NUM_THREADS=<unset>;VECLIB_MAXIMUM_THREADS=<unset>;BLIS_NUM_THREADS=<unset>;RCPP_PARALLEL_NUM_THREADS=<unset>","1dae0f9401606e65652336db916eefd7"
"finalization_kernel","large_d_standardized",2,1,"new",0.00404285714285716,0.283000000000001,70,24002192,"15152ae8003efb2db1e5d309fd994876","2ad4e71da8132eb8065167c6a6b7ac57","210b86a6ef54c501fbfb8d8c15104fa7","aca1284e9a328609975c738a5ab33535","/private/tmp/picasso-refactor-p0-r-check/picasso.Rcheck/picasso/libs/picasso.so","R version 4.5.2 (2025-10-31)","1.7.4","/System/Library/Frameworks/Accelerate.framework/Versions/A/Frameworks/vecLib.framework/Versions/A/libBLAS.dylib","Apple M3 Pro","aarch64-apple-darwin20 | Darwin | 25.5.0 | arm64","OMP_NUM_THREADS=<unset>;OPENBLAS_NUM_THREADS=<unset>;MKL_NUM_THREADS=<unset>;VECLIB_MAXIMUM_THREADS=<unset>;BLIS_NUM_THREADS=<unset>;RCPP_PARALLEL_NUM_THREADS=<unset>","1dae0f9401606e65652336db916eefd7"
"finalization_kernel","large_d_standardized",2,2,"old",0.00745714285714283,0.521999999999998,70,34022832,"15152ae8003efb2db1e5d309fd994876","2ad4e71da8132eb8065167c6a6b7ac57","210b86a6ef54c501fbfb8d8c15104fa7","aca1284e9a328609975c738a5ab33535","/private/tmp/picasso-refactor-p0-r-check/picasso.Rcheck/picasso/libs/picasso.so","R version 4.5.2 (2025-10-31)","1.7.4","/System/Library/Frameworks/Accelerate.framework/Versions/A/Frameworks/vecLib.framework/Versions/A/libBLAS.dylib","Apple M3 Pro","aarch64-apple-darwin20 | Darwin | 25.5.0 | arm64","OMP_NUM_THREADS=<unset>;OPENBLAS_NUM_THREADS=<unset>;MKL_NUM_THREADS=<unset>;VECLIB_MAXIMUM_THREADS=<unset>;BLIS_NUM_THREADS=<unset>;RCPP_PARALLEL_NUM_THREADS=<unset>","1dae0f9401606e65652336db916eefd7"
"finalization_kernel","large_d_standardized",3,1,"old",0.00740000000000001,0.518000000000001,70,34022832,"15152ae8003efb2db1e5d309fd994876","2ad4e71da8132eb8065167c6a6b7ac57","210b86a6ef54c501fbfb8d8c15104fa7","aca1284e9a328609975c738a5ab33535","/private/tmp/picasso-refactor-p0-r-check/picasso.Rcheck/picasso/libs/picasso.so","R version 4.5.2 (2025-10-31)","1.7.4","/System/Library/Frameworks/Accelerate.framework/Versions/A/Frameworks/vecLib.framework/Versions/A/libBLAS.dylib","Apple M3 Pro","aarch64-apple-darwin20 | Darwin | 25.5.0 | arm64","OMP_NUM_THREADS=<unset>;OPENBLAS_NUM_THREADS=<unset>;MKL_NUM_THREADS=<unset>;VECLIB_MAXIMUM_THREADS=<unset>;BLIS_NUM_THREADS=<unset>;RCPP_PARALLEL_NUM_THREADS=<unset>","1dae0f9401606e65652336db916eefd7"
"finalization_kernel","large_d_standardized",3,2,"new",0.00468571428571428,0.327999999999999,70,24002192,"15152ae8003efb2db1e5d309fd994876","2ad4e71da8132eb8065167c6a6b7ac57","210b86a6ef54c501fbfb8d8c15104fa7","aca1284e9a328609975c738a5ab33535","/private/tmp/picasso-refactor-p0-r-check/picasso.Rcheck/picasso/libs/picasso.so","R version 4.5.2 (2025-10-31)","1.7.4","/System/Library/Frameworks/Accelerate.framework/Versions/A/Frameworks/vecLib.framework/Versions/A/libBLAS.dylib","Apple M3 Pro","aarch64-apple-darwin20 | Darwin | 25.5.0 | arm64","OMP_NUM_THREADS=<unset>;OPENBLAS_NUM_THREADS=<unset>;MKL_NUM_THREADS=<unset>;VECLIB_MAXIMUM_THREADS=<unset>;BLIS_NUM_THREADS=<unset>;RCPP_PARALLEL_NUM_THREADS=<unset>","1dae0f9401606e65652336db916eefd7"
"finalization_kernel","large_d_standardized",4,1,"new",0.00384285714285717,0.269000000000002,70,24002192,"15152ae8003efb2db1e5d309fd994876","2ad4e71da8132eb8065167c6a6b7ac57","210b86a6ef54c501fbfb8d8c15104fa7","aca1284e9a328609975c738a5ab33535","/private/tmp/picasso-refactor-p0-r-check/picasso.Rcheck/picasso/libs/picasso.so","R version 4.5.2 (2025-10-31)","1.7.4","/System/Library/Frameworks/Accelerate.framework/Versions/A/Frameworks/vecLib.framework/Versions/A/libBLAS.dylib","Apple M3 Pro","aarch64-apple-darwin20 | Darwin | 25.5.0 | arm64","OMP_NUM_THREADS=<unset>;OPENBLAS_NUM_THREADS=<unset>;MKL_NUM_THREADS=<unset>;VECLIB_MAXIMUM_THREADS=<unset>;BLIS_NUM_THREADS=<unset>;RCPP_PARALLEL_NUM_THREADS=<unset>","1dae0f9401606e65652336db916eefd7"
"finalization_kernel","large_d_standardized",4,2,"old",0.00670000000000002,0.469000000000001,70,34022832,"15152ae8003efb2db1e5d309fd994876","2ad4e71da8132eb8065167c6a6b7ac57","210b86a6ef54c501fbfb8d8c15104fa7","aca1284e9a328609975c738a5ab33535","/private/tmp/picasso-refactor-p0-r-check/picasso.Rcheck/picasso/libs/picasso.so","R version 4.5.2 (2025-10-31)","1.7.4","/System/Library/Frameworks/Accelerate.framework/Versions/A/Frameworks/vecLib.framework/Versions/A/libBLAS.dylib","Apple M3 Pro","aarch64-apple-darwin20 | Darwin | 25.5.0 | arm64","OMP_NUM_THREADS=<unset>;OPENBLAS_NUM_THREADS=<unset>;MKL_NUM_THREADS=<unset>;VECLIB_MAXIMUM_THREADS=<unset>;BLIS_NUM_THREADS=<unset>;RCPP_PARALLEL_NUM_THREADS=<unset>","1dae0f9401606e65652336db916eefd7"
"finalization_kernel","large_d_standardized",5,1,"old",0.00742857142857147,0.520000000000003,70,34022832,"15152ae8003efb2db1e5d309fd994876","2ad4e71da8132eb8065167c6a6b7ac57","210b86a6ef54c501fbfb8d8c15104fa7","aca1284e9a328609975c738a5ab33535","/private/tmp/picasso-refactor-p0-r-check/picasso.Rcheck/picasso/libs/picasso.so","R version 4.5.2 (2025-10-31)","1.7.4","/System/Library/Frameworks/Accelerate.framework/Versions/A/Frameworks/vecLib.framework/Versions/A/libBLAS.dylib","Apple M3 Pro","aarch64-apple-darwin20 | Darwin | 25.5.0 | arm64","OMP_NUM_THREADS=<unset>;OPENBLAS_NUM_THREADS=<unset>;MKL_NUM_THREADS=<unset>;VECLIB_MAXIMUM_THREADS=<unset>;BLIS_NUM_THREADS=<unset>;RCPP_PARALLEL_NUM_THREADS=<unset>","1dae0f9401606e65652336db916eefd7"
"finalization_kernel","large_d_standardized",5,2,"new",0.00378571428571429,0.265000000000001,70,24002192,"15152ae8003efb2db1e5d309fd994876","2ad4e71da8132eb8065167c6a6b7ac57","210b86a6ef54c501fbfb8d8c15104fa7","aca1284e9a328609975c738a5ab33535","/private/tmp/picasso-refactor-p0-r-check/picasso.Rcheck/picasso/libs/picasso.so","R version 4.5.2 (2025-10-31)","1.7.4","/System/Library/Frameworks/Accelerate.framework/Versions/A/Frameworks/vecLib.framework/Versions/A/libBLAS.dylib","Apple M3 Pro","aarch64-apple-darwin20 | Darwin | 25.5.0 | arm64","OMP_NUM_THREADS=<unset>;OPENBLAS_NUM_THREADS=<unset>;MKL_NUM_THREADS=<unset>;VECLIB_MAXIMUM_THREADS=<unset>;BLIS_NUM_THREADS=<unset>;RCPP_PARALLEL_NUM_THREADS=<unset>","1dae0f9401606e65652336db916eefd7"
"finalization_kernel","large_d_standardized",6,1,"new",0.0037,0.259,70,24002192,"15152ae8003efb2db1e5d309fd994876","2ad4e71da8132eb8065167c6a6b7ac57","210b86a6ef54c501fbfb8d8c15104fa7","aca1284e9a328609975c738a5ab33535","/private/tmp/picasso-refactor-p0-r-check/picasso.Rcheck/picasso/libs/picasso.so","R version 4.5.2 (2025-10-31)","1.7.4","/System/Library/Frameworks/Accelerate.framework/Versions/A/Frameworks/vecLib.framework/Versions/A/libBLAS.dylib","Apple M3 Pro","aarch64-apple-darwin20 | Darwin | 25.5.0 | arm64","OMP_NUM_THREADS=<unset>;OPENBLAS_NUM_THREADS=<unset>;MKL_NUM_THREADS=<unset>;VECLIB_MAXIMUM_THREADS=<unset>;BLIS_NUM_THREADS=<unset>;RCPP_PARALLEL_NUM_THREADS=<unset>","1dae0f9401606e65652336db916eefd7"
"finalization_kernel","large_d_standardized",6,2,"old",0.00704285714285717,0.493000000000002,70,34022832,"15152ae8003efb2db1e5d309fd994876","2ad4e71da8132eb8065167c6a6b7ac57","210b86a6ef54c501fbfb8d8c15104fa7","aca1284e9a328609975c738a5ab33535","/private/tmp/picasso-refactor-p0-r-check/picasso.Rcheck/picasso/libs/picasso.so","R version 4.5.2 (2025-10-31)","1.7.4","/System/Library/Frameworks/Accelerate.framework/Versions/A/Frameworks/vecLib.framework/Versions/A/libBLAS.dylib","Apple M3 Pro","aarch64-apple-darwin20 | Darwin | 25.5.0 | arm64","OMP_NUM_THREADS=<unset>;OPENBLAS_NUM_THREADS=<unset>;MKL_NUM_THREADS=<unset>;VECLIB_MAXIMUM_THREADS=<unset>;BLIS_NUM_THREADS=<unset>;RCPP_PARALLEL_NUM_THREADS=<unset>","1dae0f9401606e65652336db916eefd7"
"finalization_kernel","large_d_standardized",7,1,"old",0.00715714285714282,0.500999999999998,70,34022832,"15152ae8003efb2db1e5d309fd994876","2ad4e71da8132eb8065167c6a6b7ac57","210b86a6ef54c501fbfb8d8c15104fa7","aca1284e9a328609975c738a5ab33535","/private/tmp/picasso-refactor-p0-r-check/picasso.Rcheck/picasso/libs/picasso.so","R version 4.5.2 (2025-10-31)","1.7.4","/System/Library/Frameworks/Accelerate.framework/Versions/A/Frameworks/vecLib.framework/Versions/A/libBLAS.dylib","Apple M3 Pro","aarch64-apple-darwin20 | Darwin | 25.5.0 | arm64","OMP_NUM_THREADS=<unset>;OPENBLAS_NUM_THREADS=<unset>;MKL_NUM_THREADS=<unset>;VECLIB_MAXIMUM_THREADS=<unset>;BLIS_NUM_THREADS=<unset>;RCPP_PARALLEL_NUM_THREADS=<unset>","1dae0f9401606e65652336db916eefd7"
"finalization_kernel","large_d_standardized",7,2,"new",0.00402857142857138,0.281999999999996,70,24002192,"15152ae8003efb2db1e5d309fd994876","2ad4e71da8132eb8065167c6a6b7ac57","210b86a6ef54c501fbfb8d8c15104fa7","aca1284e9a328609975c738a5ab33535","/private/tmp/picasso-refactor-p0-r-check/picasso.Rcheck/picasso/libs/picasso.so","R version 4.5.2 (2025-10-31)","1.7.4","/System/Library/Frameworks/Accelerate.framework/Versions/A/Frameworks/vecLib.framework/Versions/A/libBLAS.dylib","Apple M3 Pro","aarch64-apple-darwin20 | Darwin | 25.5.0 | arm64","OMP_NUM_THREADS=<unset>;OPENBLAS_NUM_THREADS=<unset>;MKL_NUM_THREADS=<unset>;VECLIB_MAXIMUM_THREADS=<unset>;BLIS_NUM_THREADS=<unset>;RCPP_PARALLEL_NUM_THREADS=<unset>","1dae0f9401606e65652336db916eefd7"
"finalization_kernel","large_d_standardized",8,1,"new",0.00404285714285716,0.283000000000001,70,24002192,"15152ae8003efb2db1e5d309fd994876","2ad4e71da8132eb8065167c6a6b7ac57","210b86a6ef54c501fbfb8d8c15104fa7","aca1284e9a328609975c738a5ab33535","/private/tmp/picasso-refactor-p0-r-check/picasso.Rcheck/picasso/libs/picasso.so","R version 4.5.2 (2025-10-31)","1.7.4","/System/Library/Frameworks/Accelerate.framework/Versions/A/Frameworks/vecLib.framework/Versions/A/libBLAS.dylib","Apple M3 Pro","aarch64-apple-darwin20 | Darwin | 25.5.0 | arm64","OMP_NUM_THREADS=<unset>;OPENBLAS_NUM_THREADS=<unset>;MKL_NUM_THREADS=<unset>;VECLIB_MAXIMUM_THREADS=<unset>;BLIS_NUM_THREADS=<unset>;RCPP_PARALLEL_NUM_THREADS=<unset>","1dae0f9401606e65652336db916eefd7"
"finalization_kernel","large_d_standardized",8,2,"old",0.00722857142857143,0.506,70,34022832,"15152ae8003efb2db1e5d309fd994876","2ad4e71da8132eb8065167c6a6b7ac57","210b86a6ef54c501fbfb8d8c15104fa7","aca1284e9a328609975c738a5ab33535","/private/tmp/picasso-refactor-p0-r-check/picasso.Rcheck/picasso/libs/picasso.so","R version 4.5.2 (2025-10-31)","1.7.4","/System/Library/Frameworks/Accelerate.framework/Versions/A/Frameworks/vecLib.framework/Versions/A/libBLAS.dylib","Apple M3 Pro","aarch64-apple-darwin20 | Darwin | 25.5.0 | arm64","OMP_NUM_THREADS=<unset>;OPENBLAS_NUM_THREADS=<unset>;MKL_NUM_THREADS=<unset>;VECLIB_MAXIMUM_THREADS=<unset>;BLIS_NUM_THREADS=<unset>;RCPP_PARALLEL_NUM_THREADS=<unset>","1dae0f9401606e65652336db916eefd7"
"finalization_kernel","large_d_standardized",9,1,"old",0.00717142857142861,0.502000000000002,70,34022832,"15152ae8003efb2db1e5d309fd994876","2ad4e71da8132eb8065167c6a6b7ac57","210b86a6ef54c501fbfb8d8c15104fa7","aca1284e9a328609975c738a5ab33535","/private/tmp/picasso-refactor-p0-r-check/picasso.Rcheck/picasso/libs/picasso.so","R version 4.5.2 (2025-10-31)","1.7.4","/System/Library/Frameworks/Accelerate.framework/Versions/A/Frameworks/vecLib.framework/Versions/A/libBLAS.dylib","Apple M3 Pro","aarch64-apple-darwin20 | Darwin | 25.5.0 | arm64","OMP_NUM_THREADS=<unset>;OPENBLAS_NUM_THREADS=<unset>;MKL_NUM_THREADS=<unset>;VECLIB_MAXIMUM_THREADS=<unset>;BLIS_NUM_THREADS=<unset>;RCPP_PARALLEL_NUM_THREADS=<unset>","1dae0f9401606e65652336db916eefd7"
"finalization_kernel","large_d_standardized",9,2,"new",0.00384285714285722,0.269000000000005,70,24002192,"15152ae8003efb2db1e5d309fd994876","2ad4e71da8132eb8065167c6a6b7ac57","210b86a6ef54c501fbfb8d8c15104fa7","aca1284e9a328609975c738a5ab33535","/private/tmp/picasso-refactor-p0-r-check/picasso.Rcheck/picasso/libs/picasso.so","R version 4.5.2 (2025-10-31)","1.7.4","/System/Library/Frameworks/Accelerate.framework/Versions/A/Frameworks/vecLib.framework/Versions/A/libBLAS.dylib","Apple M3 Pro","aarch64-apple-darwin20 | Darwin | 25.5.0 | arm64","OMP_NUM_THREADS=<unset>;OPENBLAS_NUM_THREADS=<unset>;MKL_NUM_THREADS=<unset>;VECLIB_MAXIMUM_THREADS=<unset>;BLIS_NUM_THREADS=<unset>;RCPP_PARALLEL_NUM_THREADS=<unset>","1dae0f9401606e65652336db916eefd7"
"full_wrapper_fit","tall_naive_standardized",1,1,"old",0.00124799999999999,0.311999999999998,250,2045680,"474651fe1c30abb6d80881b02cac58c3","2ad4e71da8132eb8065167c6a6b7ac57","210b86a6ef54c501fbfb8d8c15104fa7","aca1284e9a328609975c738a5ab33535","/private/tmp/picasso-refactor-p0-r-check/picasso.Rcheck/picasso/libs/picasso.so","R version 4.5.2 (2025-10-31)","1.7.4","/System/Library/Frameworks/Accelerate.framework/Versions/A/Frameworks/vecLib.framework/Versions/A/libBLAS.dylib","Apple M3 Pro","aarch64-apple-darwin20 | Darwin | 25.5.0 | arm64","OMP_NUM_THREADS=<unset>;OPENBLAS_NUM_THREADS=<unset>;MKL_NUM_THREADS=<unset>;VECLIB_MAXIMUM_THREADS=<unset>;BLIS_NUM_THREADS=<unset>;RCPP_PARALLEL_NUM_THREADS=<unset>","1dae0f9401606e65652336db916eefd7"
"full_wrapper_fit","tall_naive_standardized",1,2,"new",0.00115199999999999,0.287999999999997,250,2028960,"474651fe1c30abb6d80881b02cac58c3","2ad4e71da8132eb8065167c6a6b7ac57","210b86a6ef54c501fbfb8d8c15104fa7","aca1284e9a328609975c738a5ab33535","/private/tmp/picasso-refactor-p0-r-check/picasso.Rcheck/picasso/libs/picasso.so","R version 4.5.2 (2025-10-31)","1.7.4","/System/Library/Frameworks/Accelerate.framework/Versions/A/Frameworks/vecLib.framework/Versions/A/libBLAS.dylib","Apple M3 Pro","aarch64-apple-darwin20 | Darwin | 25.5.0 | arm64","OMP_NUM_THREADS=<unset>;OPENBLAS_NUM_THREADS=<unset>;MKL_NUM_THREADS=<unset>;VECLIB_MAXIMUM_THREADS=<unset>;BLIS_NUM_THREADS=<unset>;RCPP_PARALLEL_NUM_THREADS=<unset>","1dae0f9401606e65652336db916eefd7"
"full_wrapper_fit","tall_naive_standardized",2,1,"new",0.00119200000000001,0.298000000000002,250,2028960,"474651fe1c30abb6d80881b02cac58c3","2ad4e71da8132eb8065167c6a6b7ac57","210b86a6ef54c501fbfb8d8c15104fa7","aca1284e9a328609975c738a5ab33535","/private/tmp/picasso-refactor-p0-r-check/picasso.Rcheck/picasso/libs/picasso.so","R version 4.5.2 (2025-10-31)","1.7.4","/System/Library/Frameworks/Accelerate.framework/Versions/A/Frameworks/vecLib.framework/Versions/A/libBLAS.dylib","Apple M3 Pro","aarch64-apple-darwin20 | Darwin | 25.5.0 | arm64","OMP_NUM_THREADS=<unset>;OPENBLAS_NUM_THREADS=<unset>;MKL_NUM_THREADS=<unset>;VECLIB_MAXIMUM_THREADS=<unset>;BLIS_NUM_THREADS=<unset>;RCPP_PARALLEL_NUM_THREADS=<unset>","1dae0f9401606e65652336db916eefd7"
"full_wrapper_fit","tall_naive_standardized",2,2,"old",0.00119999999999999,0.299999999999997,250,2045680,"474651fe1c30abb6d80881b02cac58c3","2ad4e71da8132eb8065167c6a6b7ac57","210b86a6ef54c501fbfb8d8c15104fa7","aca1284e9a328609975c738a5ab33535","/private/tmp/picasso-refactor-p0-r-check/picasso.Rcheck/picasso/libs/picasso.so","R version 4.5.2 (2025-10-31)","1.7.4","/System/Library/Frameworks/Accelerate.framework/Versions/A/Frameworks/vecLib.framework/Versions/A/libBLAS.dylib","Apple M3 Pro","aarch64-apple-darwin20 | Darwin | 25.5.0 | arm64","OMP_NUM_THREADS=<unset>;OPENBLAS_NUM_THREADS=<unset>;MKL_NUM_THREADS=<unset>;VECLIB_MAXIMUM_THREADS=<unset>;BLIS_NUM_THREADS=<unset>;RCPP_PARALLEL_NUM_THREADS=<unset>","1dae0f9401606e65652336db916eefd7"
"full_wrapper_fit","tall_naive_standardized",3,1,"old",0.00116399999999999,0.290999999999997,250,2045680,"474651fe1c30abb6d80881b02cac58c3","2ad4e71da8132eb8065167c6a6b7ac57","210b86a6ef54c501fbfb8d8c15104fa7","aca1284e9a328609975c738a5ab33535","/private/tmp/picasso-refactor-p0-r-check/picasso.Rcheck/picasso/libs/picasso.so","R version 4.5.2 (2025-10-31)","1.7.4","/System/Library/Frameworks/Accelerate.framework/Versions/A/Frameworks/vecLib.framework/Versions/A/libBLAS.dylib","Apple M3 Pro","aarch64-apple-darwin20 | Darwin | 25.5.0 | arm64","OMP_NUM_THREADS=<unset>;OPENBLAS_NUM_THREADS=<unset>;MKL_NUM_THREADS=<unset>;VECLIB_MAXIMUM_THREADS=<unset>;BLIS_NUM_THREADS=<unset>;RCPP_PARALLEL_NUM_THREADS=<unset>","1dae0f9401606e65652336db916eefd7"
"full_wrapper_fit","tall_naive_standardized",3,2,"new",0.00115600000000001,0.289000000000001,250,2028960,"474651fe1c30abb6d80881b02cac58c3","2ad4e71da8132eb8065167c6a6b7ac57","210b86a6ef54c501fbfb8d8c15104fa7","aca1284e9a328609975c738a5ab33535","/private/tmp/picasso-refactor-p0-r-check/picasso.Rcheck/picasso/libs/picasso.so","R version 4.5.2 (2025-10-31)","1.7.4","/System/Library/Frameworks/Accelerate.framework/Versions/A/Frameworks/vecLib.framework/Versions/A/libBLAS.dylib","Apple M3 Pro","aarch64-apple-darwin20 | Darwin | 25.5.0 | arm64","OMP_NUM_THREADS=<unset>;OPENBLAS_NUM_THREADS=<unset>;MKL_NUM_THREADS=<unset>;VECLIB_MAXIMUM_THREADS=<unset>;BLIS_NUM_THREADS=<unset>;RCPP_PARALLEL_NUM_THREADS=<unset>","1dae0f9401606e65652336db916eefd7"
"full_wrapper_fit","tall_naive_standardized",4,1,"new",0.00122,0.305,250,2028960,"474651fe1c30abb6d80881b02cac58c3","2ad4e71da8132eb8065167c6a6b7ac57","210b86a6ef54c501fbfb8d8c15104fa7","aca1284e9a328609975c738a5ab33535","/private/tmp/picasso-refactor-p0-r-check/picasso.Rcheck/picasso/libs/picasso.so","R version 4.5.2 (2025-10-31)","1.7.4","/System/Library/Frameworks/Accelerate.framework/Versions/A/Frameworks/vecLib.framework/Versions/A/libBLAS.dylib","Apple M3 Pro","aarch64-apple-darwin20 | Darwin | 25.5.0 | arm64","OMP_NUM_THREADS=<unset>;OPENBLAS_NUM_THREADS=<unset>;MKL_NUM_THREADS=<unset>;VECLIB_MAXIMUM_THREADS=<unset>;BLIS_NUM_THREADS=<unset>;RCPP_PARALLEL_NUM_THREADS=<unset>","1dae0f9401606e65652336db916eefd7"
"full_wrapper_fit","tall_naive_standardized",4,2,"old",0.00118000000000001,0.295000000000002,250,2045680,"474651fe1c30abb6d80881b02cac58c3","2ad4e71da8132eb8065167c6a6b7ac57","210b86a6ef54c501fbfb8d8c15104fa7","aca1284e9a328609975c738a5ab33535","/private/tmp/picasso-refactor-p0-r-check/picasso.Rcheck/picasso/libs/picasso.so","R version 4.5.2 (2025-10-31)","1.7.4","/System/Library/Frameworks/Accelerate.framework/Versions/A/Frameworks/vecLib.framework/Versions/A/libBLAS.dylib","Apple M3 Pro","aarch64-apple-darwin20 | Darwin | 25.5.0 | arm64","OMP_NUM_THREADS=<unset>;OPENBLAS_NUM_THREADS=<unset>;MKL_NUM_THREADS=<unset>;VECLIB_MAXIMUM_THREADS=<unset>;BLIS_NUM_THREADS=<unset>;RCPP_PARALLEL_NUM_THREADS=<unset>","1dae0f9401606e65652336db916eefd7"
"full_wrapper_fit","tall_naive_standardized",5,1,"old",0.00116800000000001,0.292000000000002,250,2045680,"474651fe1c30abb6d80881b02cac58c3","2ad4e71da8132eb8065167c6a6b7ac57","210b86a6ef54c501fbfb8d8c15104fa7","aca1284e9a328609975c738a5ab33535","/private/tmp/picasso-refactor-p0-r-check/picasso.Rcheck/picasso/libs/picasso.so","R version 4.5.2 (2025-10-31)","1.7.4","/System/Library/Frameworks/Accelerate.framework/Versions/A/Frameworks/vecLib.framework/Versions/A/libBLAS.dylib","Apple M3 Pro","aarch64-apple-darwin20 | Darwin | 25.5.0 | arm64","OMP_NUM_THREADS=<unset>;OPENBLAS_NUM_THREADS=<unset>;MKL_NUM_THREADS=<unset>;VECLIB_MAXIMUM_THREADS=<unset>;BLIS_NUM_THREADS=<unset>;RCPP_PARALLEL_NUM_THREADS=<unset>","1dae0f9401606e65652336db916eefd7"
"full_wrapper_fit","tall_naive_standardized",5,2,"new",0.001148,0.286999999999999,250,2028960,"474651fe1c30abb6d80881b02cac58c3","2ad4e71da8132eb8065167c6a6b7ac57","210b86a6ef54c501fbfb8d8c15104fa7","aca1284e9a328609975c738a5ab33535","/private/tmp/picasso-refactor-p0-r-check/picasso.Rcheck/picasso/libs/picasso.so","R version 4.5.2 (2025-10-31)","1.7.4","/System/Library/Frameworks/Accelerate.framework/Versions/A/Frameworks/vecLib.framework/Versions/A/libBLAS.dylib","Apple M3 Pro","aarch64-apple-darwin20 | Darwin | 25.5.0 | arm64","OMP_NUM_THREADS=<unset>;OPENBLAS_NUM_THREADS=<unset>;MKL_NUM_THREADS=<unset>;VECLIB_MAXIMUM_THREADS=<unset>;BLIS_NUM_THREADS=<unset>;RCPP_PARALLEL_NUM_THREADS=<unset>","1dae0f9401606e65652336db916eefd7"
"full_wrapper_fit","tall_naive_standardized",6,1,"new",0.00115600000000001,0.289000000000001,250,2028960,"474651fe1c30abb6d80881b02cac58c3","2ad4e71da8132eb8065167c6a6b7ac57","210b86a6ef54c501fbfb8d8c15104fa7","aca1284e9a328609975c738a5ab33535","/private/tmp/picasso-refactor-p0-r-check/picasso.Rcheck/picasso/libs/picasso.so","R version 4.5.2 (2025-10-31)","1.7.4","/System/Library/Frameworks/Accelerate.framework/Versions/A/Frameworks/vecLib.framework/Versions/A/libBLAS.dylib","Apple M3 Pro","aarch64-apple-darwin20 | Darwin | 25.5.0 | arm64","OMP_NUM_THREADS=<unset>;OPENBLAS_NUM_THREADS=<unset>;MKL_NUM_THREADS=<unset>;VECLIB_MAXIMUM_THREADS=<unset>;BLIS_NUM_THREADS=<unset>;RCPP_PARALLEL_NUM_THREADS=<unset>","1dae0f9401606e65652336db916eefd7"
"full_wrapper_fit","tall_naive_standardized",6,2,"old",0.001172,0.292999999999999,250,2045680,"474651fe1c30abb6d80881b02cac58c3","2ad4e71da8132eb8065167c6a6b7ac57","210b86a6ef54c501fbfb8d8c15104fa7","aca1284e9a328609975c738a5ab33535","/private/tmp/picasso-refactor-p0-r-check/picasso.Rcheck/picasso/libs/picasso.so","R version 4.5.2 (2025-10-31)","1.7.4","/System/Library/Frameworks/Accelerate.framework/Versions/A/Frameworks/vecLib.framework/Versions/A/libBLAS.dylib","Apple M3 Pro","aarch64-apple-darwin20 | Darwin | 25.5.0 | arm64","OMP_NUM_THREADS=<unset>;OPENBLAS_NUM_THREADS=<unset>;MKL_NUM_THREADS=<unset>;VECLIB_MAXIMUM_THREADS=<unset>;BLIS_NUM_THREADS=<unset>;RCPP_PARALLEL_NUM_THREADS=<unset>","1dae0f9401606e65652336db916eefd7"
"full_wrapper_fit","tall_naive_standardized",7,1,"old",0.00118000000000001,0.295000000000002,250,2045680,"474651fe1c30abb6d80881b02cac58c3","2ad4e71da8132eb8065167c6a6b7ac57","210b86a6ef54c501fbfb8d8c15104fa7","aca1284e9a328609975c738a5ab33535","/private/tmp/picasso-refactor-p0-r-check/picasso.Rcheck/picasso/libs/picasso.so","R version 4.5.2 (2025-10-31)","1.7.4","/System/Library/Frameworks/Accelerate.framework/Versions/A/Frameworks/vecLib.framework/Versions/A/libBLAS.dylib","Apple M3 Pro","aarch64-apple-darwin20 | Darwin | 25.5.0 | arm64","OMP_NUM_THREADS=<unset>;OPENBLAS_NUM_THREADS=<unset>;MKL_NUM_THREADS=<unset>;VECLIB_MAXIMUM_THREADS=<unset>;BLIS_NUM_THREADS=<unset>;RCPP_PARALLEL_NUM_THREADS=<unset>","1dae0f9401606e65652336db916eefd7"
"full_wrapper_fit","tall_naive_standardized",7,2,"new",0.00116400000000002,0.291000000000004,250,2028960,"474651fe1c30abb6d80881b02cac58c3","2ad4e71da8132eb8065167c6a6b7ac57","210b86a6ef54c501fbfb8d8c15104fa7","aca1284e9a328609975c738a5ab33535","/private/tmp/picasso-refactor-p0-r-check/picasso.Rcheck/picasso/libs/picasso.so","R version 4.5.2 (2025-10-31)","1.7.4","/System/Library/Frameworks/Accelerate.framework/Versions/A/Frameworks/vecLib.framework/Versions/A/libBLAS.dylib","Apple M3 Pro","aarch64-apple-darwin20 | Darwin | 25.5.0 | arm64","OMP_NUM_THREADS=<unset>;OPENBLAS_NUM_THREADS=<unset>;MKL_NUM_THREADS=<unset>;VECLIB_MAXIMUM_THREADS=<unset>;BLIS_NUM_THREADS=<unset>;RCPP_PARALLEL_NUM_THREADS=<unset>","1dae0f9401606e65652336db916eefd7"
"full_wrapper_fit","tall_naive_standardized",8,1,"new",0.00116,0.289999999999999,250,2028960,"474651fe1c30abb6d80881b02cac58c3","2ad4e71da8132eb8065167c6a6b7ac57","210b86a6ef54c501fbfb8d8c15104fa7","aca1284e9a328609975c738a5ab33535","/private/tmp/picasso-refactor-p0-r-check/picasso.Rcheck/picasso/libs/picasso.so","R version 4.5.2 (2025-10-31)","1.7.4","/System/Library/Frameworks/Accelerate.framework/Versions/A/Frameworks/vecLib.framework/Versions/A/libBLAS.dylib","Apple M3 Pro","aarch64-apple-darwin20 | Darwin | 25.5.0 | arm64","OMP_NUM_THREADS=<unset>;OPENBLAS_NUM_THREADS=<unset>;MKL_NUM_THREADS=<unset>;VECLIB_MAXIMUM_THREADS=<unset>;BLIS_NUM_THREADS=<unset>;RCPP_PARALLEL_NUM_THREADS=<unset>","1dae0f9401606e65652336db916eefd7"
"full_wrapper_fit","tall_naive_standardized",8,2,"old",0.00117599999999999,0.293999999999997,250,2045680,"474651fe1c30abb6d80881b02cac58c3","2ad4e71da8132eb8065167c6a6b7ac57","210b86a6ef54c501fbfb8d8c15104fa7","aca1284e9a328609975c738a5ab33535","/private/tmp/picasso-refactor-p0-r-check/picasso.Rcheck/picasso/libs/picasso.so","R version 4.5.2 (2025-10-31)","1.7.4","/System/Library/Frameworks/Accelerate.framework/Versions/A/Frameworks/vecLib.framework/Versions/A/libBLAS.dylib","Apple M3 Pro","aarch64-apple-darwin20 | Darwin | 25.5.0 | arm64","OMP_NUM_THREADS=<unset>;OPENBLAS_NUM_THREADS=<unset>;MKL_NUM_THREADS=<unset>;VECLIB_MAXIMUM_THREADS=<unset>;BLIS_NUM_THREADS=<unset>;RCPP_PARALLEL_NUM_THREADS=<unset>","1dae0f9401606e65652336db916eefd7"
"full_wrapper_fit","tall_naive_standardized",9,1,"old",0.001196,0.299,250,2045680,"474651fe1c30abb6d80881b02cac58c3","2ad4e71da8132eb8065167c6a6b7ac57","210b86a6ef54c501fbfb8d8c15104fa7","aca1284e9a328609975c738a5ab33535","/private/tmp/picasso-refactor-p0-r-check/picasso.Rcheck/picasso/libs/picasso.so","R version 4.5.2 (2025-10-31)","1.7.4","/System/Library/Frameworks/Accelerate.framework/Versions/A/Frameworks/vecLib.framework/Versions/A/libBLAS.dylib","Apple M3 Pro","aarch64-apple-darwin20 | Darwin | 25.5.0 | arm64","OMP_NUM_THREADS=<unset>;OPENBLAS_NUM_THREADS=<unset>;MKL_NUM_THREADS=<unset>;VECLIB_MAXIMUM_THREADS=<unset>;BLIS_NUM_THREADS=<unset>;RCPP_PARALLEL_NUM_THREADS=<unset>","1dae0f9401606e65652336db916eefd7"
"full_wrapper_fit","tall_naive_standardized",9,2,"new",0.001304,0.326,250,2028960,"474651fe1c30abb6d80881b02cac58c3","2ad4e71da8132eb8065167c6a6b7ac57","210b86a6ef54c501fbfb8d8c15104fa7","aca1284e9a328609975c738a5ab33535","/private/tmp/picasso-refactor-p0-r-check/picasso.Rcheck/picasso/libs/picasso.so","R version 4.5.2 (2025-10-31)","1.7.4","/System/Library/Frameworks/Accelerate.framework/Versions/A/Frameworks/vecLib.framework/Versions/A/libBLAS.dylib","Apple M3 Pro","aarch64-apple-darwin20 | Darwin | 25.5.0 | arm64","OMP_NUM_THREADS=<unset>;OPENBLAS_NUM_THREADS=<unset>;MKL_NUM_THREADS=<unset>;VECLIB_MAXIMUM_THREADS=<unset>;BLIS_NUM_THREADS=<unset>;RCPP_PARALLEL_NUM_THREADS=<unset>","1dae0f9401606e65652336db916eefd7"
"full_wrapper_fit","wide_naive_unstandardized",1,1,"old",0.00050319488817891,0.314999999999998,626,943744,"9ef390a317497b1278d4c56d742f39a0","2ad4e71da8132eb8065167c6a6b7ac57","210b86a6ef54c501fbfb8d8c15104fa7","aca1284e9a328609975c738a5ab33535","/private/tmp/picasso-refactor-p0-r-check/picasso.Rcheck/picasso/libs/picasso.so","R version 4.5.2 (2025-10-31)","1.7.4","/System/Library/Frameworks/Accelerate.framework/Versions/A/Frameworks/vecLib.framework/Versions/A/libBLAS.dylib","Apple M3 Pro","aarch64-apple-darwin20 | Darwin | 25.5.0 | arm64","OMP_NUM_THREADS=<unset>;OPENBLAS_NUM_THREADS=<unset>;MKL_NUM_THREADS=<unset>;VECLIB_MAXIMUM_THREADS=<unset>;BLIS_NUM_THREADS=<unset>;RCPP_PARALLEL_NUM_THREADS=<unset>","1dae0f9401606e65652336db916eefd7"
"full_wrapper_fit","wide_naive_unstandardized",1,2,"new",0.000527156549520764,0.329999999999998,626,846000,"9ef390a317497b1278d4c56d742f39a0","2ad4e71da8132eb8065167c6a6b7ac57","210b86a6ef54c501fbfb8d8c15104fa7","aca1284e9a328609975c738a5ab33535","/private/tmp/picasso-refactor-p0-r-check/picasso.Rcheck/picasso/libs/picasso.so","R version 4.5.2 (2025-10-31)","1.7.4","/System/Library/Frameworks/Accelerate.framework/Versions/A/Frameworks/vecLib.framework/Versions/A/libBLAS.dylib","Apple M3 Pro","aarch64-apple-darwin20 | Darwin | 25.5.0 | arm64","OMP_NUM_THREADS=<unset>;OPENBLAS_NUM_THREADS=<unset>;MKL_NUM_THREADS=<unset>;VECLIB_MAXIMUM_THREADS=<unset>;BLIS_NUM_THREADS=<unset>;RCPP_PARALLEL_NUM_THREADS=<unset>","1dae0f9401606e65652336db916eefd7"
"full_wrapper_fit","wide_naive_unstandardized",2,1,"new",0.000495207667731622,0.309999999999995,626,846000,"9ef390a317497b1278d4c56d742f39a0","2ad4e71da8132eb8065167c6a6b7ac57","210b86a6ef54c501fbfb8d8c15104fa7","aca1284e9a328609975c738a5ab33535","/private/tmp/picasso-refactor-p0-r-check/picasso.Rcheck/picasso/libs/picasso.so","R version 4.5.2 (2025-10-31)","1.7.4","/System/Library/Frameworks/Accelerate.framework/Versions/A/Frameworks/vecLib.framework/Versions/A/libBLAS.dylib","Apple M3 Pro","aarch64-apple-darwin20 | Darwin | 25.5.0 | arm64","OMP_NUM_THREADS=<unset>;OPENBLAS_NUM_THREADS=<unset>;MKL_NUM_THREADS=<unset>;VECLIB_MAXIMUM_THREADS=<unset>;BLIS_NUM_THREADS=<unset>;RCPP_PARALLEL_NUM_THREADS=<unset>","1dae0f9401606e65652336db916eefd7"
"full_wrapper_fit","wide_naive_unstandardized",2,2,"old",0.00058785942492012,0.367999999999995,626,943744,"9ef390a317497b1278d4c56d742f39a0","2ad4e71da8132eb8065167c6a6b7ac57","210b86a6ef54c501fbfb8d8c15104fa7","aca1284e9a328609975c738a5ab33535","/private/tmp/picasso-refactor-p0-r-check/picasso.Rcheck/picasso/libs/picasso.so","R version 4.5.2 (2025-10-31)","1.7.4","/System/Library/Frameworks/Accelerate.framework/Versions/A/Frameworks/vecLib.framework/Versions/A/libBLAS.dylib","Apple M3 Pro","aarch64-apple-darwin20 | Darwin | 25.5.0 | arm64","OMP_NUM_THREADS=<unset>;OPENBLAS_NUM_THREADS=<unset>;MKL_NUM_THREADS=<unset>;VECLIB_MAXIMUM_THREADS=<unset>;BLIS_NUM_THREADS=<unset>;RCPP_PARALLEL_NUM_THREADS=<unset>","1dae0f9401606e65652336db916eefd7"
"full_wrapper_fit","wide_naive_unstandardized",3,1,"old",0.000506389776357828,0.317,626,943744,"9ef390a317497b1278d4c56d742f39a0","2ad4e71da8132eb8065167c6a6b7ac57","210b86a6ef54c501fbfb8d8c15104fa7","aca1284e9a328609975c738a5ab33535","/private/tmp/picasso-refactor-p0-r-check/picasso.Rcheck/picasso/libs/picasso.so","R version 4.5.2 (2025-10-31)","1.7.4","/System/Library/Frameworks/Accelerate.framework/Versions/A/Frameworks/vecLib.framework/Versions/A/libBLAS.dylib","Apple M3 Pro","aarch64-apple-darwin20 | Darwin | 25.5.0 | arm64","OMP_NUM_THREADS=<unset>;OPENBLAS_NUM_THREADS=<unset>;MKL_NUM_THREADS=<unset>;VECLIB_MAXIMUM_THREADS=<unset>;BLIS_NUM_THREADS=<unset>;RCPP_PARALLEL_NUM_THREADS=<unset>","1dae0f9401606e65652336db916eefd7"
"full_wrapper_fit","wide_naive_unstandardized",3,2,"new",0.000480830670926521,0.301000000000002,626,846000,"9ef390a317497b1278d4c56d742f39a0","2ad4e71da8132eb8065167c6a6b7ac57","210b86a6ef54c501fbfb8d8c15104fa7","aca1284e9a328609975c738a5ab33535","/private/tmp/picasso-refactor-p0-r-check/picasso.Rcheck/picasso/libs/picasso.so","R version 4.5.2 (2025-10-31)","1.7.4","/System/Library/Frameworks/Accelerate.framework/Versions/A/Frameworks/vecLib.framework/Versions/A/libBLAS.dylib","Apple M3 Pro","aarch64-apple-darwin20 | Darwin | 25.5.0 | arm64","OMP_NUM_THREADS=<unset>;OPENBLAS_NUM_THREADS=<unset>;MKL_NUM_THREADS=<unset>;VECLIB_MAXIMUM_THREADS=<unset>;BLIS_NUM_THREADS=<unset>;RCPP_PARALLEL_NUM_THREADS=<unset>","1dae0f9401606e65652336db916eefd7"
"full_wrapper_fit","wide_naive_unstandardized",4,1,"new",0.000482428115015974,0.302,626,846000,"9ef390a317497b1278d4c56d742f39a0","2ad4e71da8132eb8065167c6a6b7ac57","210b86a6ef54c501fbfb8d8c15104fa7","aca1284e9a328609975c738a5ab33535","/private/tmp/picasso-refactor-p0-r-check/picasso.Rcheck/picasso/libs/picasso.so","R version 4.5.2 (2025-10-31)","1.7.4","/System/Library/Frameworks/Accelerate.framework/Versions/A/Frameworks/vecLib.framework/Versions/A/libBLAS.dylib","Apple M3 Pro","aarch64-apple-darwin20 | Darwin | 25.5.0 | arm64","OMP_NUM_THREADS=<unset>;OPENBLAS_NUM_THREADS=<unset>;MKL_NUM_THREADS=<unset>;VECLIB_MAXIMUM_THREADS=<unset>;BLIS_NUM_THREADS=<unset>;RCPP_PARALLEL_NUM_THREADS=<unset>","1dae0f9401606e65652336db916eefd7"
"full_wrapper_fit","wide_naive_unstandardized",4,2,"old",0.000496805111821086,0.311,626,943744,"9ef390a317497b1278d4c56d742f39a0","2ad4e71da8132eb8065167c6a6b7ac57","210b86a6ef54c501fbfb8d8c15104fa7","aca1284e9a328609975c738a5ab33535","/private/tmp/picasso-refactor-p0-r-check/picasso.Rcheck/picasso/libs/picasso.so","R version 4.5.2 (2025-10-31)","1.7.4","/System/Library/Frameworks/Accelerate.framework/Versions/A/Frameworks/vecLib.framework/Versions/A/libBLAS.dylib","Apple M3 Pro","aarch64-apple-darwin20 | Darwin | 25.5.0 | arm64","OMP_NUM_THREADS=<unset>;OPENBLAS_NUM_THREADS=<unset>;MKL_NUM_THREADS=<unset>;VECLIB_MAXIMUM_THREADS=<unset>;BLIS_NUM_THREADS=<unset>;RCPP_PARALLEL_NUM_THREADS=<unset>","1dae0f9401606e65652336db916eefd7"
"full_wrapper_fit","wide_naive_unstandardized",5,1,"old",0.000498402555910539,0.311999999999998,626,943744,"9ef390a317497b1278d4c56d742f39a0","2ad4e71da8132eb8065167c6a6b7ac57","210b86a6ef54c501fbfb8d8c15104fa7","aca1284e9a328609975c738a5ab33535","/private/tmp/picasso-refactor-p0-r-check/picasso.Rcheck/picasso/libs/picasso.so","R version 4.5.2 (2025-10-31)","1.7.4","/System/Library/Frameworks/Accelerate.framework/Versions/A/Frameworks/vecLib.framework/Versions/A/libBLAS.dylib","Apple M3 Pro","aarch64-apple-darwin20 | Darwin | 25.5.0 | arm64","OMP_NUM_THREADS=<unset>;OPENBLAS_NUM_THREADS=<unset>;MKL_NUM_THREADS=<unset>;VECLIB_MAXIMUM_THREADS=<unset>;BLIS_NUM_THREADS=<unset>;RCPP_PARALLEL_NUM_THREADS=<unset>","1dae0f9401606e65652336db916eefd7"
"full_wrapper_fit","wide_naive_unstandardized",5,2,"new",0.000482428115015974,0.302,626,846000,"9ef390a317497b1278d4c56d742f39a0","2ad4e71da8132eb8065167c6a6b7ac57","210b86a6ef54c501fbfb8d8c15104fa7","aca1284e9a328609975c738a5ab33535","/private/tmp/picasso-refactor-p0-r-check/picasso.Rcheck/picasso/libs/picasso.so","R version 4.5.2 (2025-10-31)","1.7.4","/System/Library/Frameworks/Accelerate.framework/Versions/A/Frameworks/vecLib.framework/Versions/A/libBLAS.dylib","Apple M3 Pro","aarch64-apple-darwin20 | Darwin | 25.5.0 | arm64","OMP_NUM_THREADS=<unset>;OPENBLAS_NUM_THREADS=<unset>;MKL_NUM_THREADS=<unset>;VECLIB_MAXIMUM_THREADS=<unset>;BLIS_NUM_THREADS=<unset>;RCPP_PARALLEL_NUM_THREADS=<unset>","1dae0f9401606e65652336db916eefd7"
"full_wrapper_fit","wide_naive_unstandardized",6,1,"new",0.00047603833865815,0.298000000000002,626,846000,"9ef390a317497b1278d4c56d742f39a0","2ad4e71da8132eb8065167c6a6b7ac57","210b86a6ef54c501fbfb8d8c15104fa7","aca1284e9a328609975c738a5ab33535","/private/tmp/picasso-refactor-p0-r-check/picasso.Rcheck/picasso/libs/picasso.so","R version 4.5.2 (2025-10-31)","1.7.4","/System/Library/Frameworks/Accelerate.framework/Versions/A/Frameworks/vecLib.framework/Versions/A/libBLAS.dylib","Apple M3 Pro","aarch64-apple-darwin20 | Darwin | 25.5.0 | arm64","OMP_NUM_THREADS=<unset>;OPENBLAS_NUM_THREADS=<unset>;MKL_NUM_THREADS=<unset>;VECLIB_MAXIMUM_THREADS=<unset>;BLIS_NUM_THREADS=<unset>;RCPP_PARALLEL_NUM_THREADS=<unset>","1dae0f9401606e65652336db916eefd7"
"full_wrapper_fit","wide_naive_unstandardized",6,2,"old",0.000512779552715652,0.320999999999998,626,943744,"9ef390a317497b1278d4c56d742f39a0","2ad4e71da8132eb8065167c6a6b7ac57","210b86a6ef54c501fbfb8d8c15104fa7","aca1284e9a328609975c738a5ab33535","/private/tmp/picasso-refactor-p0-r-check/picasso.Rcheck/picasso/libs/picasso.so","R version 4.5.2 (2025-10-31)","1.7.4","/System/Library/Frameworks/Accelerate.framework/Versions/A/Frameworks/vecLib.framework/Versions/A/libBLAS.dylib","Apple M3 Pro","aarch64-apple-darwin20 | Darwin | 25.5.0 | arm64","OMP_NUM_THREADS=<unset>;OPENBLAS_NUM_THREADS=<unset>;MKL_NUM_THREADS=<unset>;VECLIB_MAXIMUM_THREADS=<unset>;BLIS_NUM_THREADS=<unset>;RCPP_PARALLEL_NUM_THREADS=<unset>","1dae0f9401606e65652336db916eefd7"
"full_wrapper_fit","wide_naive_unstandardized",7,1,"old",0.000487220447284345,0.305,626,943744,"9ef390a317497b1278d4c56d742f39a0","2ad4e71da8132eb8065167c6a6b7ac57","210b86a6ef54c501fbfb8d8c15104fa7","aca1284e9a328609975c738a5ab33535","/private/tmp/picasso-refactor-p0-r-check/picasso.Rcheck/picasso/libs/picasso.so","R version 4.5.2 (2025-10-31)","1.7.4","/System/Library/Frameworks/Accelerate.framework/Versions/A/Frameworks/vecLib.framework/Versions/A/libBLAS.dylib","Apple M3 Pro","aarch64-apple-darwin20 | Darwin | 25.5.0 | arm64","OMP_NUM_THREADS=<unset>;OPENBLAS_NUM_THREADS=<unset>;MKL_NUM_THREADS=<unset>;VECLIB_MAXIMUM_THREADS=<unset>;BLIS_NUM_THREADS=<unset>;RCPP_PARALLEL_NUM_THREADS=<unset>","1dae0f9401606e65652336db916eefd7"
"full_wrapper_fit","wide_naive_unstandardized",7,2,"new",0.000477635782747603,0.299,626,846000,"9ef390a317497b1278d4c56d742f39a0","2ad4e71da8132eb8065167c6a6b7ac57","210b86a6ef54c501fbfb8d8c15104fa7","aca1284e9a328609975c738a5ab33535","/private/tmp/picasso-refactor-p0-r-check/picasso.Rcheck/picasso/libs/picasso.so","R version 4.5.2 (2025-10-31)","1.7.4","/System/Library/Frameworks/Accelerate.framework/Versions/A/Frameworks/vecLib.framework/Versions/A/libBLAS.dylib","Apple M3 Pro","aarch64-apple-darwin20 | Darwin | 25.5.0 | arm64","OMP_NUM_THREADS=<unset>;OPENBLAS_NUM_THREADS=<unset>;MKL_NUM_THREADS=<unset>;VECLIB_MAXIMUM_THREADS=<unset>;BLIS_NUM_THREADS=<unset>;RCPP_PARALLEL_NUM_THREADS=<unset>","1dae0f9401606e65652336db916eefd7"
"full_wrapper_fit","wide_naive_unstandardized",8,1,"new",0.000471246006389768,0.294999999999995,626,846000,"9ef390a317497b1278d4c56d742f39a0","2ad4e71da8132eb8065167c6a6b7ac57","210b86a6ef54c501fbfb8d8c15104fa7","aca1284e9a328609975c738a5ab33535","/private/tmp/picasso-refactor-p0-r-check/picasso.Rcheck/picasso/libs/picasso.so","R version 4.5.2 (2025-10-31)","1.7.4","/System/Library/Frameworks/Accelerate.framework/Versions/A/Frameworks/vecLib.framework/Versions/A/libBLAS.dylib","Apple M3 Pro","aarch64-apple-darwin20 | Darwin | 25.5.0 | arm64","OMP_NUM_THREADS=<unset>;OPENBLAS_NUM_THREADS=<unset>;MKL_NUM_THREADS=<unset>;VECLIB_MAXIMUM_THREADS=<unset>;BLIS_NUM_THREADS=<unset>;RCPP_PARALLEL_NUM_THREADS=<unset>","1dae0f9401606e65652336db916eefd7"
"full_wrapper_fit","wide_naive_unstandardized",8,2,"old",0.000511182108626199,0.32,626,943744,"9ef390a317497b1278d4c56d742f39a0","2ad4e71da8132eb8065167c6a6b7ac57","210b86a6ef54c501fbfb8d8c15104fa7","aca1284e9a328609975c738a5ab33535","/private/tmp/picasso-refactor-p0-r-check/picasso.Rcheck/picasso/libs/picasso.so","R version 4.5.2 (2025-10-31)","1.7.4","/System/Library/Frameworks/Accelerate.framework/Versions/A/Frameworks/vecLib.framework/Versions/A/libBLAS.dylib","Apple M3 Pro","aarch64-apple-darwin20 | Darwin | 25.5.0 | arm64","OMP_NUM_THREADS=<unset>;OPENBLAS_NUM_THREADS=<unset>;MKL_NUM_THREADS=<unset>;VECLIB_MAXIMUM_THREADS=<unset>;BLIS_NUM_THREADS=<unset>;RCPP_PARALLEL_NUM_THREADS=<unset>","1dae0f9401606e65652336db916eefd7"
"full_wrapper_fit","wide_naive_unstandardized",9,1,"old",0.000496805111821086,0.311,626,943744,"9ef390a317497b1278d4c56d742f39a0","2ad4e71da8132eb8065167c6a6b7ac57","210b86a6ef54c501fbfb8d8c15104fa7","aca1284e9a328609975c738a5ab33535","/private/tmp/picasso-refactor-p0-r-check/picasso.Rcheck/picasso/libs/picasso.so","R version 4.5.2 (2025-10-31)","1.7.4","/System/Library/Frameworks/Accelerate.framework/Versions/A/Frameworks/vecLib.framework/Versions/A/libBLAS.dylib","Apple M3 Pro","aarch64-apple-darwin20 | Darwin | 25.5.0 | arm64","OMP_NUM_THREADS=<unset>;OPENBLAS_NUM_THREADS=<unset>;MKL_NUM_THREADS=<unset>;VECLIB_MAXIMUM_THREADS=<unset>;BLIS_NUM_THREADS=<unset>;RCPP_PARALLEL_NUM_THREADS=<unset>","1dae0f9401606e65652336db916eefd7"
"full_wrapper_fit","wide_naive_unstandardized",9,2,"new",0.000471246006389779,0.295000000000002,626,846000,"9ef390a317497b1278d4c56d742f39a0","2ad4e71da8132eb8065167c6a6b7ac57","210b86a6ef54c501fbfb8d8c15104fa7","aca1284e9a328609975c738a5ab33535","/private/tmp/picasso-refactor-p0-r-check/picasso.Rcheck/picasso/libs/picasso.so","R version 4.5.2 (2025-10-31)","1.7.4","/System/Library/Frameworks/Accelerate.framework/Versions/A/Frameworks/vecLib.framework/Versions/A/libBLAS.dylib","Apple M3 Pro","aarch64-apple-darwin20 | Darwin | 25.5.0 | arm64","OMP_NUM_THREADS=<unset>;OPENBLAS_NUM_THREADS=<unset>;MKL_NUM_THREADS=<unset>;VECLIB_MAXIMUM_THREADS=<unset>;BLIS_NUM_THREADS=<unset>;RCPP_PARALLEL_NUM_THREADS=<unset>","1dae0f9401606e65652336db916eefd7"
"full_wrapper_fit","tall_covariance_standardized",1,1,"old",0.000483199999999999,0.302,625,972576,"880c6ac4528b409cd17ecc4c1abe0117","2ad4e71da8132eb8065167c6a6b7ac57","210b86a6ef54c501fbfb8d8c15104fa7","aca1284e9a328609975c738a5ab33535","/private/tmp/picasso-refactor-p0-r-check/picasso.Rcheck/picasso/libs/picasso.so","R version 4.5.2 (2025-10-31)","1.7.4","/System/Library/Frameworks/Accelerate.framework/Versions/A/Frameworks/vecLib.framework/Versions/A/libBLAS.dylib","Apple M3 Pro","aarch64-apple-darwin20 | Darwin | 25.5.0 | arm64","OMP_NUM_THREADS=<unset>;OPENBLAS_NUM_THREADS=<unset>;MKL_NUM_THREADS=<unset>;VECLIB_MAXIMUM_THREADS=<unset>;BLIS_NUM_THREADS=<unset>;RCPP_PARALLEL_NUM_THREADS=<unset>","1dae0f9401606e65652336db916eefd7"
"full_wrapper_fit","tall_covariance_standardized",1,2,"new",0.000479999999999995,0.299999999999997,625,947616,"880c6ac4528b409cd17ecc4c1abe0117","2ad4e71da8132eb8065167c6a6b7ac57","210b86a6ef54c501fbfb8d8c15104fa7","aca1284e9a328609975c738a5ab33535","/private/tmp/picasso-refactor-p0-r-check/picasso.Rcheck/picasso/libs/picasso.so","R version 4.5.2 (2025-10-31)","1.7.4","/System/Library/Frameworks/Accelerate.framework/Versions/A/Frameworks/vecLib.framework/Versions/A/libBLAS.dylib","Apple M3 Pro","aarch64-apple-darwin20 | Darwin | 25.5.0 | arm64","OMP_NUM_THREADS=<unset>;OPENBLAS_NUM_THREADS=<unset>;MKL_NUM_THREADS=<unset>;VECLIB_MAXIMUM_THREADS=<unset>;BLIS_NUM_THREADS=<unset>;RCPP_PARALLEL_NUM_THREADS=<unset>","1dae0f9401606e65652336db916eefd7"
"full_wrapper_fit","tall_covariance_standardized",2,1,"new",0.000462400000000002,0.289000000000001,625,947616,"880c6ac4528b409cd17ecc4c1abe0117","2ad4e71da8132eb8065167c6a6b7ac57","210b86a6ef54c501fbfb8d8c15104fa7","aca1284e9a328609975c738a5ab33535","/private/tmp/picasso-refactor-p0-r-check/picasso.Rcheck/picasso/libs/picasso.so","R version 4.5.2 (2025-10-31)","1.7.4","/System/Library/Frameworks/Accelerate.framework/Versions/A/Frameworks/vecLib.framework/Versions/A/libBLAS.dylib","Apple M3 Pro","aarch64-apple-darwin20 | Darwin | 25.5.0 | arm64","OMP_NUM_THREADS=<unset>;OPENBLAS_NUM_THREADS=<unset>;MKL_NUM_THREADS=<unset>;VECLIB_MAXIMUM_THREADS=<unset>;BLIS_NUM_THREADS=<unset>;RCPP_PARALLEL_NUM_THREADS=<unset>","1dae0f9401606e65652336db916eefd7"
"full_wrapper_fit","tall_covariance_standardized",2,2,"old",0.000478399999999999,0.299,625,972576,"880c6ac4528b409cd17ecc4c1abe0117","2ad4e71da8132eb8065167c6a6b7ac57","210b86a6ef54c501fbfb8d8c15104fa7","aca1284e9a328609975c738a5ab33535","/private/tmp/picasso-refactor-p0-r-check/picasso.Rcheck/picasso/libs/picasso.so","R version 4.5.2 (2025-10-31)","1.7.4","/System/Library/Frameworks/Accelerate.framework/Versions/A/Frameworks/vecLib.framework/Versions/A/libBLAS.dylib","Apple M3 Pro","aarch64-apple-darwin20 | Darwin | 25.5.0 | arm64","OMP_NUM_THREADS=<unset>;OPENBLAS_NUM_THREADS=<unset>;MKL_NUM_THREADS=<unset>;VECLIB_MAXIMUM_THREADS=<unset>;BLIS_NUM_THREADS=<unset>;RCPP_PARALLEL_NUM_THREADS=<unset>","1dae0f9401606e65652336db916eefd7"
"full_wrapper_fit","tall_covariance_standardized",3,1,"old",0.000518400000000008,0.324000000000005,625,972576,"880c6ac4528b409cd17ecc4c1abe0117","2ad4e71da8132eb8065167c6a6b7ac57","210b86a6ef54c501fbfb8d8c15104fa7","aca1284e9a328609975c738a5ab33535","/private/tmp/picasso-refactor-p0-r-check/picasso.Rcheck/picasso/libs/picasso.so","R version 4.5.2 (2025-10-31)","1.7.4","/System/Library/Frameworks/Accelerate.framework/Versions/A/Frameworks/vecLib.framework/Versions/A/libBLAS.dylib","Apple M3 Pro","aarch64-apple-darwin20 | Darwin | 25.5.0 | arm64","OMP_NUM_THREADS=<unset>;OPENBLAS_NUM_THREADS=<unset>;MKL_NUM_THREADS=<unset>;VECLIB_MAXIMUM_THREADS=<unset>;BLIS_NUM_THREADS=<unset>;RCPP_PARALLEL_NUM_THREADS=<unset>","1dae0f9401606e65652336db916eefd7"
"full_wrapper_fit","tall_covariance_standardized",3,2,"new",0.000465600000000006,0.291000000000004,625,947616,"880c6ac4528b409cd17ecc4c1abe0117","2ad4e71da8132eb8065167c6a6b7ac57","210b86a6ef54c501fbfb8d8c15104fa7","aca1284e9a328609975c738a5ab33535","/private/tmp/picasso-refactor-p0-r-check/picasso.Rcheck/picasso/libs/picasso.so","R version 4.5.2 (2025-10-31)","1.7.4","/System/Library/Frameworks/Accelerate.framework/Versions/A/Frameworks/vecLib.framework/Versions/A/libBLAS.dylib","Apple M3 Pro","aarch64-apple-darwin20 | Darwin | 25.5.0 | arm64","OMP_NUM_THREADS=<unset>;OPENBLAS_NUM_THREADS=<unset>;MKL_NUM_THREADS=<unset>;VECLIB_MAXIMUM_THREADS=<unset>;BLIS_NUM_THREADS=<unset>;RCPP_PARALLEL_NUM_THREADS=<unset>","1dae0f9401606e65652336db916eefd7"
"full_wrapper_fit","tall_covariance_standardized",4,1,"new",0.000526400000000001,0.329000000000001,625,947616,"880c6ac4528b409cd17ecc4c1abe0117","2ad4e71da8132eb8065167c6a6b7ac57","210b86a6ef54c501fbfb8d8c15104fa7","aca1284e9a328609975c738a5ab33535","/private/tmp/picasso-refactor-p0-r-check/picasso.Rcheck/picasso/libs/picasso.so","R version 4.5.2 (2025-10-31)","1.7.4","/System/Library/Frameworks/Accelerate.framework/Versions/A/Frameworks/vecLib.framework/Versions/A/libBLAS.dylib","Apple M3 Pro","aarch64-apple-darwin20 | Darwin | 25.5.0 | arm64","OMP_NUM_THREADS=<unset>;OPENBLAS_NUM_THREADS=<unset>;MKL_NUM_THREADS=<unset>;VECLIB_MAXIMUM_THREADS=<unset>;BLIS_NUM_THREADS=<unset>;RCPP_PARALLEL_NUM_THREADS=<unset>","1dae0f9401606e65652336db916eefd7"
"full_wrapper_fit","tall_covariance_standardized",4,2,"old",0.000481599999999992,0.300999999999995,625,972576,"880c6ac4528b409cd17ecc4c1abe0117","2ad4e71da8132eb8065167c6a6b7ac57","210b86a6ef54c501fbfb8d8c15104fa7","aca1284e9a328609975c738a5ab33535","/private/tmp/picasso-refactor-p0-r-check/picasso.Rcheck/picasso/libs/picasso.so","R version 4.5.2 (2025-10-31)","1.7.4","/System/Library/Frameworks/Accelerate.framework/Versions/A/Frameworks/vecLib.framework/Versions/A/libBLAS.dylib","Apple M3 Pro","aarch64-apple-darwin20 | Darwin | 25.5.0 | arm64","OMP_NUM_THREADS=<unset>;OPENBLAS_NUM_THREADS=<unset>;MKL_NUM_THREADS=<unset>;VECLIB_MAXIMUM_THREADS=<unset>;BLIS_NUM_THREADS=<unset>;RCPP_PARALLEL_NUM_THREADS=<unset>","1dae0f9401606e65652336db916eefd7"
"full_wrapper_fit","tall_covariance_standardized",5,1,"old",0.000481599999999992,0.300999999999995,625,972576,"880c6ac4528b409cd17ecc4c1abe0117","2ad4e71da8132eb8065167c6a6b7ac57","210b86a6ef54c501fbfb8d8c15104fa7","aca1284e9a328609975c738a5ab33535","/private/tmp/picasso-refactor-p0-r-check/picasso.Rcheck/picasso/libs/picasso.so","R version 4.5.2 (2025-10-31)","1.7.4","/System/Library/Frameworks/Accelerate.framework/Versions/A/Frameworks/vecLib.framework/Versions/A/libBLAS.dylib","Apple M3 Pro","aarch64-apple-darwin20 | Darwin | 25.5.0 | arm64","OMP_NUM_THREADS=<unset>;OPENBLAS_NUM_THREADS=<unset>;MKL_NUM_THREADS=<unset>;VECLIB_MAXIMUM_THREADS=<unset>;BLIS_NUM_THREADS=<unset>;RCPP_PARALLEL_NUM_THREADS=<unset>","1dae0f9401606e65652336db916eefd7"
"full_wrapper_fit","tall_covariance_standardized",5,2,"new",0.000460799999999995,0.287999999999997,625,947616,"880c6ac4528b409cd17ecc4c1abe0117","2ad4e71da8132eb8065167c6a6b7ac57","210b86a6ef54c501fbfb8d8c15104fa7","aca1284e9a328609975c738a5ab33535","/private/tmp/picasso-refactor-p0-r-check/picasso.Rcheck/picasso/libs/picasso.so","R version 4.5.2 (2025-10-31)","1.7.4","/System/Library/Frameworks/Accelerate.framework/Versions/A/Frameworks/vecLib.framework/Versions/A/libBLAS.dylib","Apple M3 Pro","aarch64-apple-darwin20 | Darwin | 25.5.0 | arm64","OMP_NUM_THREADS=<unset>;OPENBLAS_NUM_THREADS=<unset>;MKL_NUM_THREADS=<unset>;VECLIB_MAXIMUM_THREADS=<unset>;BLIS_NUM_THREADS=<unset>;RCPP_PARALLEL_NUM_THREADS=<unset>","1dae0f9401606e65652336db916eefd7"
"full_wrapper_fit","tall_covariance_standardized",6,1,"new",0.000462400000000002,0.289000000000001,625,947616,"880c6ac4528b409cd17ecc4c1abe0117","2ad4e71da8132eb8065167c6a6b7ac57","210b86a6ef54c501fbfb8d8c15104fa7","aca1284e9a328609975c738a5ab33535","/private/tmp/picasso-refactor-p0-r-check/picasso.Rcheck/picasso/libs/picasso.so","R version 4.5.2 (2025-10-31)","1.7.4","/System/Library/Frameworks/Accelerate.framework/Versions/A/Frameworks/vecLib.framework/Versions/A/libBLAS.dylib","Apple M3 Pro","aarch64-apple-darwin20 | Darwin | 25.5.0 | arm64","OMP_NUM_THREADS=<unset>;OPENBLAS_NUM_THREADS=<unset>;MKL_NUM_THREADS=<unset>;VECLIB_MAXIMUM_THREADS=<unset>;BLIS_NUM_THREADS=<unset>;RCPP_PARALLEL_NUM_THREADS=<unset>","1dae0f9401606e65652336db916eefd7"
"full_wrapper_fit","tall_covariance_standardized",6,2,"old",0.000494399999999996,0.308999999999997,625,972576,"880c6ac4528b409cd17ecc4c1abe0117","2ad4e71da8132eb8065167c6a6b7ac57","210b86a6ef54c501fbfb8d8c15104fa7","aca1284e9a328609975c738a5ab33535","/private/tmp/picasso-refactor-p0-r-check/picasso.Rcheck/picasso/libs/picasso.so","R version 4.5.2 (2025-10-31)","1.7.4","/System/Library/Frameworks/Accelerate.framework/Versions/A/Frameworks/vecLib.framework/Versions/A/libBLAS.dylib","Apple M3 Pro","aarch64-apple-darwin20 | Darwin | 25.5.0 | arm64","OMP_NUM_THREADS=<unset>;OPENBLAS_NUM_THREADS=<unset>;MKL_NUM_THREADS=<unset>;VECLIB_MAXIMUM_THREADS=<unset>;BLIS_NUM_THREADS=<unset>;RCPP_PARALLEL_NUM_THREADS=<unset>","1dae0f9401606e65652336db916eefd7"
"full_wrapper_fit","tall_covariance_standardized",7,1,"old",0.000489599999999996,0.305999999999997,625,972576,"880c6ac4528b409cd17ecc4c1abe0117","2ad4e71da8132eb8065167c6a6b7ac57","210b86a6ef54c501fbfb8d8c15104fa7","aca1284e9a328609975c738a5ab33535","/private/tmp/picasso-refactor-p0-r-check/picasso.Rcheck/picasso/libs/picasso.so","R version 4.5.2 (2025-10-31)","1.7.4","/System/Library/Frameworks/Accelerate.framework/Versions/A/Frameworks/vecLib.framework/Versions/A/libBLAS.dylib","Apple M3 Pro","aarch64-apple-darwin20 | Darwin | 25.5.0 | arm64","OMP_NUM_THREADS=<unset>;OPENBLAS_NUM_THREADS=<unset>;MKL_NUM_THREADS=<unset>;VECLIB_MAXIMUM_THREADS=<unset>;BLIS_NUM_THREADS=<unset>;RCPP_PARALLEL_NUM_THREADS=<unset>","1dae0f9401606e65652336db916eefd7"
"full_wrapper_fit","tall_covariance_standardized",7,2,"new",0.000467199999999991,0.291999999999994,625,947616,"880c6ac4528b409cd17ecc4c1abe0117","2ad4e71da8132eb8065167c6a6b7ac57","210b86a6ef54c501fbfb8d8c15104fa7","aca1284e9a328609975c738a5ab33535","/private/tmp/picasso-refactor-p0-r-check/picasso.Rcheck/picasso/libs/picasso.so","R version 4.5.2 (2025-10-31)","1.7.4","/System/Library/Frameworks/Accelerate.framework/Versions/A/Frameworks/vecLib.framework/Versions/A/libBLAS.dylib","Apple M3 Pro","aarch64-apple-darwin20 | Darwin | 25.5.0 | arm64","OMP_NUM_THREADS=<unset>;OPENBLAS_NUM_THREADS=<unset>;MKL_NUM_THREADS=<unset>;VECLIB_MAXIMUM_THREADS=<unset>;BLIS_NUM_THREADS=<unset>;RCPP_PARALLEL_NUM_THREADS=<unset>","1dae0f9401606e65652336db916eefd7"
"full_wrapper_fit","tall_covariance_standardized",8,1,"new",0.000462399999999991,0.288999999999994,625,947616,"880c6ac4528b409cd17ecc4c1abe0117","2ad4e71da8132eb8065167c6a6b7ac57","210b86a6ef54c501fbfb8d8c15104fa7","aca1284e9a328609975c738a5ab33535","/private/tmp/picasso-refactor-p0-r-check/picasso.Rcheck/picasso/libs/picasso.so","R version 4.5.2 (2025-10-31)","1.7.4","/System/Library/Frameworks/Accelerate.framework/Versions/A/Frameworks/vecLib.framework/Versions/A/libBLAS.dylib","Apple M3 Pro","aarch64-apple-darwin20 | Darwin | 25.5.0 | arm64","OMP_NUM_THREADS=<unset>;OPENBLAS_NUM_THREADS=<unset>;MKL_NUM_THREADS=<unset>;VECLIB_MAXIMUM_THREADS=<unset>;BLIS_NUM_THREADS=<unset>;RCPP_PARALLEL_NUM_THREADS=<unset>","1dae0f9401606e65652336db916eefd7"
"full_wrapper_fit","tall_covariance_standardized",8,2,"old",0.000486400000000003,0.304000000000002,625,972576,"880c6ac4528b409cd17ecc4c1abe0117","2ad4e71da8132eb8065167c6a6b7ac57","210b86a6ef54c501fbfb8d8c15104fa7","aca1284e9a328609975c738a5ab33535","/private/tmp/picasso-refactor-p0-r-check/picasso.Rcheck/picasso/libs/picasso.so","R version 4.5.2 (2025-10-31)","1.7.4","/System/Library/Frameworks/Accelerate.framework/Versions/A/Frameworks/vecLib.framework/Versions/A/libBLAS.dylib","Apple M3 Pro","aarch64-apple-darwin20 | Darwin | 25.5.0 | arm64","OMP_NUM_THREADS=<unset>;OPENBLAS_NUM_THREADS=<unset>;MKL_NUM_THREADS=<unset>;VECLIB_MAXIMUM_THREADS=<unset>;BLIS_NUM_THREADS=<unset>;RCPP_PARALLEL_NUM_THREADS=<unset>","1dae0f9401606e65652336db916eefd7"
"full_wrapper_fit","tall_covariance_standardized",9,1,"old",0.000523199999999997,0.326999999999998,625,972576,"880c6ac4528b409cd17ecc4c1abe0117","2ad4e71da8132eb8065167c6a6b7ac57","210b86a6ef54c501fbfb8d8c15104fa7","aca1284e9a328609975c738a5ab33535","/private/tmp/picasso-refactor-p0-r-check/picasso.Rcheck/picasso/libs/picasso.so","R version 4.5.2 (2025-10-31)","1.7.4","/System/Library/Frameworks/Accelerate.framework/Versions/A/Frameworks/vecLib.framework/Versions/A/libBLAS.dylib","Apple M3 Pro","aarch64-apple-darwin20 | Darwin | 25.5.0 | arm64","OMP_NUM_THREADS=<unset>;OPENBLAS_NUM_THREADS=<unset>;MKL_NUM_THREADS=<unset>;VECLIB_MAXIMUM_THREADS=<unset>;BLIS_NUM_THREADS=<unset>;RCPP_PARALLEL_NUM_THREADS=<unset>","1dae0f9401606e65652336db916eefd7"
"full_wrapper_fit","tall_covariance_standardized",9,2,"new",0.000479999999999995,0.299999999999997,625,947616,"880c6ac4528b409cd17ecc4c1abe0117","2ad4e71da8132eb8065167c6a6b7ac57","210b86a6ef54c501fbfb8d8c15104fa7","aca1284e9a328609975c738a5ab33535","/private/tmp/picasso-refactor-p0-r-check/picasso.Rcheck/picasso/libs/picasso.so","R version 4.5.2 (2025-10-31)","1.7.4","/System/Library/Frameworks/Accelerate.framework/Versions/A/Frameworks/vecLib.framework/Versions/A/libBLAS.dylib","Apple M3 Pro","aarch64-apple-darwin20 | Darwin | 25.5.0 | arm64","OMP_NUM_THREADS=<unset>;OPENBLAS_NUM_THREADS=<unset>;MKL_NUM_THREADS=<unset>;VECLIB_MAXIMUM_THREADS=<unset>;BLIS_NUM_THREADS=<unset>;RCPP_PARALLEL_NUM_THREADS=<unset>","1dae0f9401606e65652336db916eefd7"
