"case","repetition","implementation","elapsed_seconds","allocated_bytes","maximum_rss_bytes","checksum","observations","classes","lambdas","script_hash","old_source_hash","new_source_hash","r_version","platform","matrix_version","blas","lapack","cpu","threads"
"assess",1,"old",6.389,1342086696,457457664,"068d87d571e43584b62cc5a4f20102fd",60000,3,60,"650b2b594282d4f082a60b6d5c5ff090","picasso_utils.R=ccc0f6df895a9dc134a33e2ca1d625bb;picasso.multinomial.R=895b5293f5224fb67fdf6d80238bf85e;assess.picasso.R=d99c54574ff2506317c1e2baaf808b70;cv.picasso.R=bcd1a95a3352e0b20986c06b3e9b5f70","picasso_utils.R=ccc0f6df895a9dc134a33e2ca1d625bb;picasso.multinomial.R=a32f759c161a59448b5dcc7ad4723642;assess.picasso.R=db436a2d678aa687f2f015cf48f28266;cv.picasso.R=487d5ea98debebcd934bd82436ebc6f6","R version 4.5.2 (2025-10-31)","aarch64-apple-darwin20","1.7.4","/System/Library/Frameworks/Accelerate.framework/Versions/A/Frameworks/vecLib.framework/Versions/A/libBLAS.dylib","/Library/Frameworks/R.framework/Versions/4.5-arm64/Resources/lib/libRlapack.dylib","Apple M3 Pro","OMP_NUM_THREADS=<unset>;OPENBLAS_NUM_THREADS=<unset>;VECLIB_MAXIMUM_THREADS=<unset>;MKL_NUM_THREADS=<unset>;BLIS_NUM_THREADS=<unset>"
"assess",1,"new",6.556,1342084208,378486784,"068d87d571e43584b62cc5a4f20102fd",60000,3,60,"650b2b594282d4f082a60b6d5c5ff090","picasso_utils.R=ccc0f6df895a9dc134a33e2ca1d625bb;picasso.multinomial.R=895b5293f5224fb67fdf6d80238bf85e;assess.picasso.R=d99c54574ff2506317c1e2baaf808b70;cv.picasso.R=bcd1a95a3352e0b20986c06b3e9b5f70","picasso_utils.R=ccc0f6df895a9dc134a33e2ca1d625bb;picasso.multinomial.R=a32f759c161a59448b5dcc7ad4723642;assess.picasso.R=db436a2d678aa687f2f015cf48f28266;cv.picasso.R=487d5ea98debebcd934bd82436ebc6f6","R version 4.5.2 (2025-10-31)","aarch64-apple-darwin20","1.7.4","/System/Library/Frameworks/Accelerate.framework/Versions/A/Frameworks/vecLib.framework/Versions/A/libBLAS.dylib","/Library/Frameworks/R.framework/Versions/4.5-arm64/Resources/lib/libRlapack.dylib","Apple M3 Pro","OMP_NUM_THREADS=<unset>;OPENBLAS_NUM_THREADS=<unset>;VECLIB_MAXIMUM_THREADS=<unset>;MKL_NUM_THREADS=<unset>;BLIS_NUM_THREADS=<unset>"
"assess",2,"new",6.108,1342084208,399949824,"068d87d571e43584b62cc5a4f20102fd",60000,3,60,"650b2b594282d4f082a60b6d5c5ff090","picasso_utils.R=ccc0f6df895a9dc134a33e2ca1d625bb;picasso.multinomial.R=895b5293f5224fb67fdf6d80238bf85e;assess.picasso.R=d99c54574ff2506317c1e2baaf808b70;cv.picasso.R=bcd1a95a3352e0b20986c06b3e9b5f70","picasso_utils.R=ccc0f6df895a9dc134a33e2ca1d625bb;picasso.multinomial.R=a32f759c161a59448b5dcc7ad4723642;assess.picasso.R=db436a2d678aa687f2f015cf48f28266;cv.picasso.R=487d5ea98debebcd934bd82436ebc6f6","R version 4.5.2 (2025-10-31)","aarch64-apple-darwin20","1.7.4","/System/Library/Frameworks/Accelerate.framework/Versions/A/Frameworks/vecLib.framework/Versions/A/libBLAS.dylib","/Library/Frameworks/R.framework/Versions/4.5-arm64/Resources/lib/libRlapack.dylib","Apple M3 Pro","OMP_NUM_THREADS=<unset>;OPENBLAS_NUM_THREADS=<unset>;VECLIB_MAXIMUM_THREADS=<unset>;MKL_NUM_THREADS=<unset>;BLIS_NUM_THREADS=<unset>"
"assess",2,"old",6.224,1342086696,484737024,"068d87d571e43584b62cc5a4f20102fd",60000,3,60,"650b2b594282d4f082a60b6d5c5ff090","picasso_utils.R=ccc0f6df895a9dc134a33e2ca1d625bb;picasso.multinomial.R=895b5293f5224fb67fdf6d80238bf85e;assess.picasso.R=d99c54574ff2506317c1e2baaf808b70;cv.picasso.R=bcd1a95a3352e0b20986c06b3e9b5f70","picasso_utils.R=ccc0f6df895a9dc134a33e2ca1d625bb;picasso.multinomial.R=a32f759c161a59448b5dcc7ad4723642;assess.picasso.R=db436a2d678aa687f2f015cf48f28266;cv.picasso.R=487d5ea98debebcd934bd82436ebc6f6","R version 4.5.2 (2025-10-31)","aarch64-apple-darwin20","1.7.4","/System/Library/Frameworks/Accelerate.framework/Versions/A/Frameworks/vecLib.framework/Versions/A/libBLAS.dylib","/Library/Frameworks/R.framework/Versions/4.5-arm64/Resources/lib/libRlapack.dylib","Apple M3 Pro","OMP_NUM_THREADS=<unset>;OPENBLAS_NUM_THREADS=<unset>;VECLIB_MAXIMUM_THREADS=<unset>;MKL_NUM_THREADS=<unset>;BLIS_NUM_THREADS=<unset>"
"assess",3,"old",6.269,1342086696,452771840,"068d87d571e43584b62cc5a4f20102fd",60000,3,60,"650b2b594282d4f082a60b6d5c5ff090","picasso_utils.R=ccc0f6df895a9dc134a33e2ca1d625bb;picasso.multinomial.R=895b5293f5224fb67fdf6d80238bf85e;assess.picasso.R=d99c54574ff2506317c1e2baaf808b70;cv.picasso.R=bcd1a95a3352e0b20986c06b3e9b5f70","picasso_utils.R=ccc0f6df895a9dc134a33e2ca1d625bb;picasso.multinomial.R=a32f759c161a59448b5dcc7ad4723642;assess.picasso.R=db436a2d678aa687f2f015cf48f28266;cv.picasso.R=487d5ea98debebcd934bd82436ebc6f6","R version 4.5.2 (2025-10-31)","aarch64-apple-darwin20","1.7.4","/System/Library/Frameworks/Accelerate.framework/Versions/A/Frameworks/vecLib.framework/Versions/A/libBLAS.dylib","/Library/Frameworks/R.framework/Versions/4.5-arm64/Resources/lib/libRlapack.dylib","Apple M3 Pro","OMP_NUM_THREADS=<unset>;OPENBLAS_NUM_THREADS=<unset>;VECLIB_MAXIMUM_THREADS=<unset>;MKL_NUM_THREADS=<unset>;BLIS_NUM_THREADS=<unset>"
"assess",3,"new",6.289,1342084208,447004672,"068d87d571e43584b62cc5a4f20102fd",60000,3,60,"650b2b594282d4f082a60b6d5c5ff090","picasso_utils.R=ccc0f6df895a9dc134a33e2ca1d625bb;picasso.multinomial.R=895b5293f5224fb67fdf6d80238bf85e;assess.picasso.R=d99c54574ff2506317c1e2baaf808b70;cv.picasso.R=bcd1a95a3352e0b20986c06b3e9b5f70","picasso_utils.R=ccc0f6df895a9dc134a33e2ca1d625bb;picasso.multinomial.R=a32f759c161a59448b5dcc7ad4723642;assess.picasso.R=db436a2d678aa687f2f015cf48f28266;cv.picasso.R=487d5ea98debebcd934bd82436ebc6f6","R version 4.5.2 (2025-10-31)","aarch64-apple-darwin20","1.7.4","/System/Library/Frameworks/Accelerate.framework/Versions/A/Frameworks/vecLib.framework/Versions/A/libBLAS.dylib","/Library/Frameworks/R.framework/Versions/4.5-arm64/Resources/lib/libRlapack.dylib","Apple M3 Pro","OMP_NUM_THREADS=<unset>;OPENBLAS_NUM_THREADS=<unset>;VECLIB_MAXIMUM_THREADS=<unset>;MKL_NUM_THREADS=<unset>;BLIS_NUM_THREADS=<unset>"
"assess",4,"new",6.028,1342084208,417300480,"068d87d571e43584b62cc5a4f20102fd",60000,3,60,"650b2b594282d4f082a60b6d5c5ff090","picasso_utils.R=ccc0f6df895a9dc134a33e2ca1d625bb;picasso.multinomial.R=895b5293f5224fb67fdf6d80238bf85e;assess.picasso.R=d99c54574ff2506317c1e2baaf808b70;cv.picasso.R=bcd1a95a3352e0b20986c06b3e9b5f70","picasso_utils.R=ccc0f6df895a9dc134a33e2ca1d625bb;picasso.multinomial.R=a32f759c161a59448b5dcc7ad4723642;assess.picasso.R=db436a2d678aa687f2f015cf48f28266;cv.picasso.R=487d5ea98debebcd934bd82436ebc6f6","R version 4.5.2 (2025-10-31)","aarch64-apple-darwin20","1.7.4","/System/Library/Frameworks/Accelerate.framework/Versions/A/Frameworks/vecLib.framework/Versions/A/libBLAS.dylib","/Library/Frameworks/R.framework/Versions/4.5-arm64/Resources/lib/libRlapack.dylib","Apple M3 Pro","OMP_NUM_THREADS=<unset>;OPENBLAS_NUM_THREADS=<unset>;VECLIB_MAXIMUM_THREADS=<unset>;MKL_NUM_THREADS=<unset>;BLIS_NUM_THREADS=<unset>"
"assess",4,"old",6.247,1342086696,463372288,"068d87d571e43584b62cc5a4f20102fd",60000,3,60,"650b2b594282d4f082a60b6d5c5ff090","picasso_utils.R=ccc0f6df895a9dc134a33e2ca1d625bb;picasso.multinomial.R=895b5293f5224fb67fdf6d80238bf85e;assess.picasso.R=d99c54574ff2506317c1e2baaf808b70;cv.picasso.R=bcd1a95a3352e0b20986c06b3e9b5f70","picasso_utils.R=ccc0f6df895a9dc134a33e2ca1d625bb;picasso.multinomial.R=a32f759c161a59448b5dcc7ad4723642;assess.picasso.R=db436a2d678aa687f2f015cf48f28266;cv.picasso.R=487d5ea98debebcd934bd82436ebc6f6","R version 4.5.2 (2025-10-31)","aarch64-apple-darwin20","1.7.4","/System/Library/Frameworks/Accelerate.framework/Versions/A/Frameworks/vecLib.framework/Versions/A/libBLAS.dylib","/Library/Frameworks/R.framework/Versions/4.5-arm64/Resources/lib/libRlapack.dylib","Apple M3 Pro","OMP_NUM_THREADS=<unset>;OPENBLAS_NUM_THREADS=<unset>;VECLIB_MAXIMUM_THREADS=<unset>;MKL_NUM_THREADS=<unset>;BLIS_NUM_THREADS=<unset>"
"assess",5,"old",6.121,1342086696,482803712,"068d87d571e43584b62cc5a4f20102fd",60000,3,60,"650b2b594282d4f082a60b6d5c5ff090","picasso_utils.R=ccc0f6df895a9dc134a33e2ca1d625bb;picasso.multinomial.R=895b5293f5224fb67fdf6d80238bf85e;assess.picasso.R=d99c54574ff2506317c1e2baaf808b70;cv.picasso.R=bcd1a95a3352e0b20986c06b3e9b5f70","picasso_utils.R=ccc0f6df895a9dc134a33e2ca1d625bb;picasso.multinomial.R=a32f759c161a59448b5dcc7ad4723642;assess.picasso.R=db436a2d678aa687f2f015cf48f28266;cv.picasso.R=487d5ea98debebcd934bd82436ebc6f6","R version 4.5.2 (2025-10-31)","aarch64-apple-darwin20","1.7.4","/System/Library/Frameworks/Accelerate.framework/Versions/A/Frameworks/vecLib.framework/Versions/A/libBLAS.dylib","/Library/Frameworks/R.framework/Versions/4.5-arm64/Resources/lib/libRlapack.dylib","Apple M3 Pro","OMP_NUM_THREADS=<unset>;OPENBLAS_NUM_THREADS=<unset>;VECLIB_MAXIMUM_THREADS=<unset>;MKL_NUM_THREADS=<unset>;BLIS_NUM_THREADS=<unset>"
"assess",5,"new",6.104,1342084208,425443328,"068d87d571e43584b62cc5a4f20102fd",60000,3,60,"650b2b594282d4f082a60b6d5c5ff090","picasso_utils.R=ccc0f6df895a9dc134a33e2ca1d625bb;picasso.multinomial.R=895b5293f5224fb67fdf6d80238bf85e;assess.picasso.R=d99c54574ff2506317c1e2baaf808b70;cv.picasso.R=bcd1a95a3352e0b20986c06b3e9b5f70","picasso_utils.R=ccc0f6df895a9dc134a33e2ca1d625bb;picasso.multinomial.R=a32f759c161a59448b5dcc7ad4723642;assess.picasso.R=db436a2d678aa687f2f015cf48f28266;cv.picasso.R=487d5ea98debebcd934bd82436ebc6f6","R version 4.5.2 (2025-10-31)","aarch64-apple-darwin20","1.7.4","/System/Library/Frameworks/Accelerate.framework/Versions/A/Frameworks/vecLib.framework/Versions/A/libBLAS.dylib","/Library/Frameworks/R.framework/Versions/4.5-arm64/Resources/lib/libRlapack.dylib","Apple M3 Pro","OMP_NUM_THREADS=<unset>;OPENBLAS_NUM_THREADS=<unset>;VECLIB_MAXIMUM_THREADS=<unset>;MKL_NUM_THREADS=<unset>;BLIS_NUM_THREADS=<unset>"
"assess",6,"new",6.001,1342084208,426541056,"068d87d571e43584b62cc5a4f20102fd",60000,3,60,"650b2b594282d4f082a60b6d5c5ff090","picasso_utils.R=ccc0f6df895a9dc134a33e2ca1d625bb;picasso.multinomial.R=895b5293f5224fb67fdf6d80238bf85e;assess.picasso.R=d99c54574ff2506317c1e2baaf808b70;cv.picasso.R=bcd1a95a3352e0b20986c06b3e9b5f70","picasso_utils.R=ccc0f6df895a9dc134a33e2ca1d625bb;picasso.multinomial.R=a32f759c161a59448b5dcc7ad4723642;assess.picasso.R=db436a2d678aa687f2f015cf48f28266;cv.picasso.R=487d5ea98debebcd934bd82436ebc6f6","R version 4.5.2 (2025-10-31)","aarch64-apple-darwin20","1.7.4","/System/Library/Frameworks/Accelerate.framework/Versions/A/Frameworks/vecLib.framework/Versions/A/libBLAS.dylib","/Library/Frameworks/R.framework/Versions/4.5-arm64/Resources/lib/libRlapack.dylib","Apple M3 Pro","OMP_NUM_THREADS=<unset>;OPENBLAS_NUM_THREADS=<unset>;VECLIB_MAXIMUM_THREADS=<unset>;MKL_NUM_THREADS=<unset>;BLIS_NUM_THREADS=<unset>"
"assess",6,"old",6.208,1342086696,479002624,"068d87d571e43584b62cc5a4f20102fd",60000,3,60,"650b2b594282d4f082a60b6d5c5ff090","picasso_utils.R=ccc0f6df895a9dc134a33e2ca1d625bb;picasso.multinomial.R=895b5293f5224fb67fdf6d80238bf85e;assess.picasso.R=d99c54574ff2506317c1e2baaf808b70;cv.picasso.R=bcd1a95a3352e0b20986c06b3e9b5f70","picasso_utils.R=ccc0f6df895a9dc134a33e2ca1d625bb;picasso.multinomial.R=a32f759c161a59448b5dcc7ad4723642;assess.picasso.R=db436a2d678aa687f2f015cf48f28266;cv.picasso.R=487d5ea98debebcd934bd82436ebc6f6","R version 4.5.2 (2025-10-31)","aarch64-apple-darwin20","1.7.4","/System/Library/Frameworks/Accelerate.framework/Versions/A/Frameworks/vecLib.framework/Versions/A/libBLAS.dylib","/Library/Frameworks/R.framework/Versions/4.5-arm64/Resources/lib/libRlapack.dylib","Apple M3 Pro","OMP_NUM_THREADS=<unset>;OPENBLAS_NUM_THREADS=<unset>;VECLIB_MAXIMUM_THREADS=<unset>;MKL_NUM_THREADS=<unset>;BLIS_NUM_THREADS=<unset>"
"assess",7,"old",6.086,1342086696,486883328,"068d87d571e43584b62cc5a4f20102fd",60000,3,60,"650b2b594282d4f082a60b6d5c5ff090","picasso_utils.R=ccc0f6df895a9dc134a33e2ca1d625bb;picasso.multinomial.R=895b5293f5224fb67fdf6d80238bf85e;assess.picasso.R=d99c54574ff2506317c1e2baaf808b70;cv.picasso.R=bcd1a95a3352e0b20986c06b3e9b5f70","picasso_utils.R=ccc0f6df895a9dc134a33e2ca1d625bb;picasso.multinomial.R=a32f759c161a59448b5dcc7ad4723642;assess.picasso.R=db436a2d678aa687f2f015cf48f28266;cv.picasso.R=487d5ea98debebcd934bd82436ebc6f6","R version 4.5.2 (2025-10-31)","aarch64-apple-darwin20","1.7.4","/System/Library/Frameworks/Accelerate.framework/Versions/A/Frameworks/vecLib.framework/Versions/A/libBLAS.dylib","/Library/Frameworks/R.framework/Versions/4.5-arm64/Resources/lib/libRlapack.dylib","Apple M3 Pro","OMP_NUM_THREADS=<unset>;OPENBLAS_NUM_THREADS=<unset>;VECLIB_MAXIMUM_THREADS=<unset>;MKL_NUM_THREADS=<unset>;BLIS_NUM_THREADS=<unset>"
"assess",7,"new",6.117,1342084208,411648000,"068d87d571e43584b62cc5a4f20102fd",60000,3,60,"650b2b594282d4f082a60b6d5c5ff090","picasso_utils.R=ccc0f6df895a9dc134a33e2ca1d625bb;picasso.multinomial.R=895b5293f5224fb67fdf6d80238bf85e;assess.picasso.R=d99c54574ff2506317c1e2baaf808b70;cv.picasso.R=bcd1a95a3352e0b20986c06b3e9b5f70","picasso_utils.R=ccc0f6df895a9dc134a33e2ca1d625bb;picasso.multinomial.R=a32f759c161a59448b5dcc7ad4723642;assess.picasso.R=db436a2d678aa687f2f015cf48f28266;cv.picasso.R=487d5ea98debebcd934bd82436ebc6f6","R version 4.5.2 (2025-10-31)","aarch64-apple-darwin20","1.7.4","/System/Library/Frameworks/Accelerate.framework/Versions/A/Frameworks/vecLib.framework/Versions/A/libBLAS.dylib","/Library/Frameworks/R.framework/Versions/4.5-arm64/Resources/lib/libRlapack.dylib","Apple M3 Pro","OMP_NUM_THREADS=<unset>;OPENBLAS_NUM_THREADS=<unset>;VECLIB_MAXIMUM_THREADS=<unset>;MKL_NUM_THREADS=<unset>;BLIS_NUM_THREADS=<unset>"
"confusion",1,"old",0.436,152603800,314081280,"92cdc5c2cb175c4ebd801882179677b0",20000,3,30,"650b2b594282d4f082a60b6d5c5ff090","picasso_utils.R=ccc0f6df895a9dc134a33e2ca1d625bb;picasso.multinomial.R=895b5293f5224fb67fdf6d80238bf85e;assess.picasso.R=d99c54574ff2506317c1e2baaf808b70;cv.picasso.R=bcd1a95a3352e0b20986c06b3e9b5f70","picasso_utils.R=ccc0f6df895a9dc134a33e2ca1d625bb;picasso.multinomial.R=a32f759c161a59448b5dcc7ad4723642;assess.picasso.R=db436a2d678aa687f2f015cf48f28266;cv.picasso.R=487d5ea98debebcd934bd82436ebc6f6","R version 4.5.2 (2025-10-31)","aarch64-apple-darwin20","1.7.4","/System/Library/Frameworks/Accelerate.framework/Versions/A/Frameworks/vecLib.framework/Versions/A/libBLAS.dylib","/Library/Frameworks/R.framework/Versions/4.5-arm64/Resources/lib/libRlapack.dylib","Apple M3 Pro","OMP_NUM_THREADS=<unset>;OPENBLAS_NUM_THREADS=<unset>;VECLIB_MAXIMUM_THREADS=<unset>;MKL_NUM_THREADS=<unset>;BLIS_NUM_THREADS=<unset>"
"confusion",1,"new",0.436,152601552,306626560,"92cdc5c2cb175c4ebd801882179677b0",20000,3,30,"650b2b594282d4f082a60b6d5c5ff090","picasso_utils.R=ccc0f6df895a9dc134a33e2ca1d625bb;picasso.multinomial.R=895b5293f5224fb67fdf6d80238bf85e;assess.picasso.R=d99c54574ff2506317c1e2baaf808b70;cv.picasso.R=bcd1a95a3352e0b20986c06b3e9b5f70","picasso_utils.R=ccc0f6df895a9dc134a33e2ca1d625bb;picasso.multinomial.R=a32f759c161a59448b5dcc7ad4723642;assess.picasso.R=db436a2d678aa687f2f015cf48f28266;cv.picasso.R=487d5ea98debebcd934bd82436ebc6f6","R version 4.5.2 (2025-10-31)","aarch64-apple-darwin20","1.7.4","/System/Library/Frameworks/Accelerate.framework/Versions/A/Frameworks/vecLib.framework/Versions/A/libBLAS.dylib","/Library/Frameworks/R.framework/Versions/4.5-arm64/Resources/lib/libRlapack.dylib","Apple M3 Pro","OMP_NUM_THREADS=<unset>;OPENBLAS_NUM_THREADS=<unset>;VECLIB_MAXIMUM_THREADS=<unset>;MKL_NUM_THREADS=<unset>;BLIS_NUM_THREADS=<unset>"
"confusion",2,"new",0.435,152601552,306348032,"92cdc5c2cb175c4ebd801882179677b0",20000,3,30,"650b2b594282d4f082a60b6d5c5ff090","picasso_utils.R=ccc0f6df895a9dc134a33e2ca1d625bb;picasso.multinomial.R=895b5293f5224fb67fdf6d80238bf85e;assess.picasso.R=d99c54574ff2506317c1e2baaf808b70;cv.picasso.R=bcd1a95a3352e0b20986c06b3e9b5f70","picasso_utils.R=ccc0f6df895a9dc134a33e2ca1d625bb;picasso.multinomial.R=a32f759c161a59448b5dcc7ad4723642;assess.picasso.R=db436a2d678aa687f2f015cf48f28266;cv.picasso.R=487d5ea98debebcd934bd82436ebc6f6","R version 4.5.2 (2025-10-31)","aarch64-apple-darwin20","1.7.4","/System/Library/Frameworks/Accelerate.framework/Versions/A/Frameworks/vecLib.framework/Versions/A/libBLAS.dylib","/Library/Frameworks/R.framework/Versions/4.5-arm64/Resources/lib/libRlapack.dylib","Apple M3 Pro","OMP_NUM_THREADS=<unset>;OPENBLAS_NUM_THREADS=<unset>;VECLIB_MAXIMUM_THREADS=<unset>;MKL_NUM_THREADS=<unset>;BLIS_NUM_THREADS=<unset>"
"confusion",2,"old",0.44,152603800,320503808,"92cdc5c2cb175c4ebd801882179677b0",20000,3,30,"650b2b594282d4f082a60b6d5c5ff090","picasso_utils.R=ccc0f6df895a9dc134a33e2ca1d625bb;picasso.multinomial.R=895b5293f5224fb67fdf6d80238bf85e;assess.picasso.R=d99c54574ff2506317c1e2baaf808b70;cv.picasso.R=bcd1a95a3352e0b20986c06b3e9b5f70","picasso_utils.R=ccc0f6df895a9dc134a33e2ca1d625bb;picasso.multinomial.R=a32f759c161a59448b5dcc7ad4723642;assess.picasso.R=db436a2d678aa687f2f015cf48f28266;cv.picasso.R=487d5ea98debebcd934bd82436ebc6f6","R version 4.5.2 (2025-10-31)","aarch64-apple-darwin20","1.7.4","/System/Library/Frameworks/Accelerate.framework/Versions/A/Frameworks/vecLib.framework/Versions/A/libBLAS.dylib","/Library/Frameworks/R.framework/Versions/4.5-arm64/Resources/lib/libRlapack.dylib","Apple M3 Pro","OMP_NUM_THREADS=<unset>;OPENBLAS_NUM_THREADS=<unset>;VECLIB_MAXIMUM_THREADS=<unset>;MKL_NUM_THREADS=<unset>;BLIS_NUM_THREADS=<unset>"
"confusion",3,"old",0.445,152603800,322093056,"92cdc5c2cb175c4ebd801882179677b0",20000,3,30,"650b2b594282d4f082a60b6d5c5ff090","picasso_utils.R=ccc0f6df895a9dc134a33e2ca1d625bb;picasso.multinomial.R=895b5293f5224fb67fdf6d80238bf85e;assess.picasso.R=d99c54574ff2506317c1e2baaf808b70;cv.picasso.R=bcd1a95a3352e0b20986c06b3e9b5f70","picasso_utils.R=ccc0f6df895a9dc134a33e2ca1d625bb;picasso.multinomial.R=a32f759c161a59448b5dcc7ad4723642;assess.picasso.R=db436a2d678aa687f2f015cf48f28266;cv.picasso.R=487d5ea98debebcd934bd82436ebc6f6","R version 4.5.2 (2025-10-31)","aarch64-apple-darwin20","1.7.4","/System/Library/Frameworks/Accelerate.framework/Versions/A/Frameworks/vecLib.framework/Versions/A/libBLAS.dylib","/Library/Frameworks/R.framework/Versions/4.5-arm64/Resources/lib/libRlapack.dylib","Apple M3 Pro","OMP_NUM_THREADS=<unset>;OPENBLAS_NUM_THREADS=<unset>;VECLIB_MAXIMUM_THREADS=<unset>;MKL_NUM_THREADS=<unset>;BLIS_NUM_THREADS=<unset>"
"confusion",3,"new",0.457,152601552,305070080,"92cdc5c2cb175c4ebd801882179677b0",20000,3,30,"650b2b594282d4f082a60b6d5c5ff090","picasso_utils.R=ccc0f6df895a9dc134a33e2ca1d625bb;picasso.multinomial.R=895b5293f5224fb67fdf6d80238bf85e;assess.picasso.R=d99c54574ff2506317c1e2baaf808b70;cv.picasso.R=bcd1a95a3352e0b20986c06b3e9b5f70","picasso_utils.R=ccc0f6df895a9dc134a33e2ca1d625bb;picasso.multinomial.R=a32f759c161a59448b5dcc7ad4723642;assess.picasso.R=db436a2d678aa687f2f015cf48f28266;cv.picasso.R=487d5ea98debebcd934bd82436ebc6f6","R version 4.5.2 (2025-10-31)","aarch64-apple-darwin20","1.7.4","/System/Library/Frameworks/Accelerate.framework/Versions/A/Frameworks/vecLib.framework/Versions/A/libBLAS.dylib","/Library/Frameworks/R.framework/Versions/4.5-arm64/Resources/lib/libRlapack.dylib","Apple M3 Pro","OMP_NUM_THREADS=<unset>;OPENBLAS_NUM_THREADS=<unset>;VECLIB_MAXIMUM_THREADS=<unset>;MKL_NUM_THREADS=<unset>;BLIS_NUM_THREADS=<unset>"
"confusion",4,"new",0.453,152601552,300400640,"92cdc5c2cb175c4ebd801882179677b0",20000,3,30,"650b2b594282d4f082a60b6d5c5ff090","picasso_utils.R=ccc0f6df895a9dc134a33e2ca1d625bb;picasso.multinomial.R=895b5293f5224fb67fdf6d80238bf85e;assess.picasso.R=d99c54574ff2506317c1e2baaf808b70;cv.picasso.R=bcd1a95a3352e0b20986c06b3e9b5f70","picasso_utils.R=ccc0f6df895a9dc134a33e2ca1d625bb;picasso.multinomial.R=a32f759c161a59448b5dcc7ad4723642;assess.picasso.R=db436a2d678aa687f2f015cf48f28266;cv.picasso.R=487d5ea98debebcd934bd82436ebc6f6","R version 4.5.2 (2025-10-31)","aarch64-apple-darwin20","1.7.4","/System/Library/Frameworks/Accelerate.framework/Versions/A/Frameworks/vecLib.framework/Versions/A/libBLAS.dylib","/Library/Frameworks/R.framework/Versions/4.5-arm64/Resources/lib/libRlapack.dylib","Apple M3 Pro","OMP_NUM_THREADS=<unset>;OPENBLAS_NUM_THREADS=<unset>;VECLIB_MAXIMUM_THREADS=<unset>;MKL_NUM_THREADS=<unset>;BLIS_NUM_THREADS=<unset>"
"confusion",4,"old",0.453,152603800,318259200,"92cdc5c2cb175c4ebd801882179677b0",20000,3,30,"650b2b594282d4f082a60b6d5c5ff090","picasso_utils.R=ccc0f6df895a9dc134a33e2ca1d625bb;picasso.multinomial.R=895b5293f5224fb67fdf6d80238bf85e;assess.picasso.R=d99c54574ff2506317c1e2baaf808b70;cv.picasso.R=bcd1a95a3352e0b20986c06b3e9b5f70","picasso_utils.R=ccc0f6df895a9dc134a33e2ca1d625bb;picasso.multinomial.R=a32f759c161a59448b5dcc7ad4723642;assess.picasso.R=db436a2d678aa687f2f015cf48f28266;cv.picasso.R=487d5ea98debebcd934bd82436ebc6f6","R version 4.5.2 (2025-10-31)","aarch64-apple-darwin20","1.7.4","/System/Library/Frameworks/Accelerate.framework/Versions/A/Frameworks/vecLib.framework/Versions/A/libBLAS.dylib","/Library/Frameworks/R.framework/Versions/4.5-arm64/Resources/lib/libRlapack.dylib","Apple M3 Pro","OMP_NUM_THREADS=<unset>;OPENBLAS_NUM_THREADS=<unset>;VECLIB_MAXIMUM_THREADS=<unset>;MKL_NUM_THREADS=<unset>;BLIS_NUM_THREADS=<unset>"
"confusion",5,"old",0.445,152603800,314048512,"92cdc5c2cb175c4ebd801882179677b0",20000,3,30,"650b2b594282d4f082a60b6d5c5ff090","picasso_utils.R=ccc0f6df895a9dc134a33e2ca1d625bb;picasso.multinomial.R=895b5293f5224fb67fdf6d80238bf85e;assess.picasso.R=d99c54574ff2506317c1e2baaf808b70;cv.picasso.R=bcd1a95a3352e0b20986c06b3e9b5f70","picasso_utils.R=ccc0f6df895a9dc134a33e2ca1d625bb;picasso.multinomial.R=a32f759c161a59448b5dcc7ad4723642;assess.picasso.R=db436a2d678aa687f2f015cf48f28266;cv.picasso.R=487d5ea98debebcd934bd82436ebc6f6","R version 4.5.2 (2025-10-31)","aarch64-apple-darwin20","1.7.4","/System/Library/Frameworks/Accelerate.framework/Versions/A/Frameworks/vecLib.framework/Versions/A/libBLAS.dylib","/Library/Frameworks/R.framework/Versions/4.5-arm64/Resources/lib/libRlapack.dylib","Apple M3 Pro","OMP_NUM_THREADS=<unset>;OPENBLAS_NUM_THREADS=<unset>;VECLIB_MAXIMUM_THREADS=<unset>;MKL_NUM_THREADS=<unset>;BLIS_NUM_THREADS=<unset>"
"confusion",5,"new",0.451,152601552,302825472,"92cdc5c2cb175c4ebd801882179677b0",20000,3,30,"650b2b594282d4f082a60b6d5c5ff090","picasso_utils.R=ccc0f6df895a9dc134a33e2ca1d625bb;picasso.multinomial.R=895b5293f5224fb67fdf6d80238bf85e;assess.picasso.R=d99c54574ff2506317c1e2baaf808b70;cv.picasso.R=bcd1a95a3352e0b20986c06b3e9b5f70","picasso_utils.R=ccc0f6df895a9dc134a33e2ca1d625bb;picasso.multinomial.R=a32f759c161a59448b5dcc7ad4723642;assess.picasso.R=db436a2d678aa687f2f015cf48f28266;cv.picasso.R=487d5ea98debebcd934bd82436ebc6f6","R version 4.5.2 (2025-10-31)","aarch64-apple-darwin20","1.7.4","/System/Library/Frameworks/Accelerate.framework/Versions/A/Frameworks/vecLib.framework/Versions/A/libBLAS.dylib","/Library/Frameworks/R.framework/Versions/4.5-arm64/Resources/lib/libRlapack.dylib","Apple M3 Pro","OMP_NUM_THREADS=<unset>;OPENBLAS_NUM_THREADS=<unset>;VECLIB_MAXIMUM_THREADS=<unset>;MKL_NUM_THREADS=<unset>;BLIS_NUM_THREADS=<unset>"
"confusion",6,"new",0.454,152601552,295878656,"92cdc5c2cb175c4ebd801882179677b0",20000,3,30,"650b2b594282d4f082a60b6d5c5ff090","picasso_utils.R=ccc0f6df895a9dc134a33e2ca1d625bb;picasso.multinomial.R=895b5293f5224fb67fdf6d80238bf85e;assess.picasso.R=d99c54574ff2506317c1e2baaf808b70;cv.picasso.R=bcd1a95a3352e0b20986c06b3e9b5f70","picasso_utils.R=ccc0f6df895a9dc134a33e2ca1d625bb;picasso.multinomial.R=a32f759c161a59448b5dcc7ad4723642;assess.picasso.R=db436a2d678aa687f2f015cf48f28266;cv.picasso.R=487d5ea98debebcd934bd82436ebc6f6","R version 4.5.2 (2025-10-31)","aarch64-apple-darwin20","1.7.4","/System/Library/Frameworks/Accelerate.framework/Versions/A/Frameworks/vecLib.framework/Versions/A/libBLAS.dylib","/Library/Frameworks/R.framework/Versions/4.5-arm64/Resources/lib/libRlapack.dylib","Apple M3 Pro","OMP_NUM_THREADS=<unset>;OPENBLAS_NUM_THREADS=<unset>;VECLIB_MAXIMUM_THREADS=<unset>;MKL_NUM_THREADS=<unset>;BLIS_NUM_THREADS=<unset>"
"confusion",6,"old",0.451,152603800,312016896,"92cdc5c2cb175c4ebd801882179677b0",20000,3,30,"650b2b594282d4f082a60b6d5c5ff090","picasso_utils.R=ccc0f6df895a9dc134a33e2ca1d625bb;picasso.multinomial.R=895b5293f5224fb67fdf6d80238bf85e;assess.picasso.R=d99c54574ff2506317c1e2baaf808b70;cv.picasso.R=bcd1a95a3352e0b20986c06b3e9b5f70","picasso_utils.R=ccc0f6df895a9dc134a33e2ca1d625bb;picasso.multinomial.R=a32f759c161a59448b5dcc7ad4723642;assess.picasso.R=db436a2d678aa687f2f015cf48f28266;cv.picasso.R=487d5ea98debebcd934bd82436ebc6f6","R version 4.5.2 (2025-10-31)","aarch64-apple-darwin20","1.7.4","/System/Library/Frameworks/Accelerate.framework/Versions/A/Frameworks/vecLib.framework/Versions/A/libBLAS.dylib","/Library/Frameworks/R.framework/Versions/4.5-arm64/Resources/lib/libRlapack.dylib","Apple M3 Pro","OMP_NUM_THREADS=<unset>;OPENBLAS_NUM_THREADS=<unset>;VECLIB_MAXIMUM_THREADS=<unset>;MKL_NUM_THREADS=<unset>;BLIS_NUM_THREADS=<unset>"
"confusion",7,"old",0.46,152603800,325386240,"92cdc5c2cb175c4ebd801882179677b0",20000,3,30,"650b2b594282d4f082a60b6d5c5ff090","picasso_utils.R=ccc0f6df895a9dc134a33e2ca1d625bb;picasso.multinomial.R=895b5293f5224fb67fdf6d80238bf85e;assess.picasso.R=d99c54574ff2506317c1e2baaf808b70;cv.picasso.R=bcd1a95a3352e0b20986c06b3e9b5f70","picasso_utils.R=ccc0f6df895a9dc134a33e2ca1d625bb;picasso.multinomial.R=a32f759c161a59448b5dcc7ad4723642;assess.picasso.R=db436a2d678aa687f2f015cf48f28266;cv.picasso.R=487d5ea98debebcd934bd82436ebc6f6","R version 4.5.2 (2025-10-31)","aarch64-apple-darwin20","1.7.4","/System/Library/Frameworks/Accelerate.framework/Versions/A/Frameworks/vecLib.framework/Versions/A/libBLAS.dylib","/Library/Frameworks/R.framework/Versions/4.5-arm64/Resources/lib/libRlapack.dylib","Apple M3 Pro","OMP_NUM_THREADS=<unset>;OPENBLAS_NUM_THREADS=<unset>;VECLIB_MAXIMUM_THREADS=<unset>;MKL_NUM_THREADS=<unset>;BLIS_NUM_THREADS=<unset>"
"confusion",7,"new",0.453,152601552,300204032,"92cdc5c2cb175c4ebd801882179677b0",20000,3,30,"650b2b594282d4f082a60b6d5c5ff090","picasso_utils.R=ccc0f6df895a9dc134a33e2ca1d625bb;picasso.multinomial.R=895b5293f5224fb67fdf6d80238bf85e;assess.picasso.R=d99c54574ff2506317c1e2baaf808b70;cv.picasso.R=bcd1a95a3352e0b20986c06b3e9b5f70","picasso_utils.R=ccc0f6df895a9dc134a33e2ca1d625bb;picasso.multinomial.R=a32f759c161a59448b5dcc7ad4723642;assess.picasso.R=db436a2d678aa687f2f015cf48f28266;cv.picasso.R=487d5ea98debebcd934bd82436ebc6f6","R version 4.5.2 (2025-10-31)","aarch64-apple-darwin20","1.7.4","/System/Library/Frameworks/Accelerate.framework/Versions/A/Frameworks/vecLib.framework/Versions/A/libBLAS.dylib","/Library/Frameworks/R.framework/Versions/4.5-arm64/Resources/lib/libRlapack.dylib","Apple M3 Pro","OMP_NUM_THREADS=<unset>;OPENBLAS_NUM_THREADS=<unset>;VECLIB_MAXIMUM_THREADS=<unset>;MKL_NUM_THREADS=<unset>;BLIS_NUM_THREADS=<unset>"
"predict_class",1,"old",1.496,154160752,305889280,"eb5d745a0677b8db276ad921f3e35785",20000,3,30,"650b2b594282d4f082a60b6d5c5ff090","picasso_utils.R=ccc0f6df895a9dc134a33e2ca1d625bb;picasso.multinomial.R=895b5293f5224fb67fdf6d80238bf85e;assess.picasso.R=d99c54574ff2506317c1e2baaf808b70;cv.picasso.R=bcd1a95a3352e0b20986c06b3e9b5f70","picasso_utils.R=ccc0f6df895a9dc134a33e2ca1d625bb;picasso.multinomial.R=a32f759c161a59448b5dcc7ad4723642;assess.picasso.R=db436a2d678aa687f2f015cf48f28266;cv.picasso.R=487d5ea98debebcd934bd82436ebc6f6","R version 4.5.2 (2025-10-31)","aarch64-apple-darwin20","1.7.4","/System/Library/Frameworks/Accelerate.framework/Versions/A/Frameworks/vecLib.framework/Versions/A/libBLAS.dylib","/Library/Frameworks/R.framework/Versions/4.5-arm64/Resources/lib/libRlapack.dylib","Apple M3 Pro","OMP_NUM_THREADS=<unset>;OPENBLAS_NUM_THREADS=<unset>;VECLIB_MAXIMUM_THREADS=<unset>;MKL_NUM_THREADS=<unset>;BLIS_NUM_THREADS=<unset>"
"predict_class",1,"new",0.445,122956792,298106880,"eb5d745a0677b8db276ad921f3e35785",20000,3,30,"650b2b594282d4f082a60b6d5c5ff090","picasso_utils.R=ccc0f6df895a9dc134a33e2ca1d625bb;picasso.multinomial.R=895b5293f5224fb67fdf6d80238bf85e;assess.picasso.R=d99c54574ff2506317c1e2baaf808b70;cv.picasso.R=bcd1a95a3352e0b20986c06b3e9b5f70","picasso_utils.R=ccc0f6df895a9dc134a33e2ca1d625bb;picasso.multinomial.R=a32f759c161a59448b5dcc7ad4723642;assess.picasso.R=db436a2d678aa687f2f015cf48f28266;cv.picasso.R=487d5ea98debebcd934bd82436ebc6f6","R version 4.5.2 (2025-10-31)","aarch64-apple-darwin20","1.7.4","/System/Library/Frameworks/Accelerate.framework/Versions/A/Frameworks/vecLib.framework/Versions/A/libBLAS.dylib","/Library/Frameworks/R.framework/Versions/4.5-arm64/Resources/lib/libRlapack.dylib","Apple M3 Pro","OMP_NUM_THREADS=<unset>;OPENBLAS_NUM_THREADS=<unset>;VECLIB_MAXIMUM_THREADS=<unset>;MKL_NUM_THREADS=<unset>;BLIS_NUM_THREADS=<unset>"
"predict_class",2,"new",0.451,122956792,297697280,"eb5d745a0677b8db276ad921f3e35785",20000,3,30,"650b2b594282d4f082a60b6d5c5ff090","picasso_utils.R=ccc0f6df895a9dc134a33e2ca1d625bb;picasso.multinomial.R=895b5293f5224fb67fdf6d80238bf85e;assess.picasso.R=d99c54574ff2506317c1e2baaf808b70;cv.picasso.R=bcd1a95a3352e0b20986c06b3e9b5f70","picasso_utils.R=ccc0f6df895a9dc134a33e2ca1d625bb;picasso.multinomial.R=a32f759c161a59448b5dcc7ad4723642;assess.picasso.R=db436a2d678aa687f2f015cf48f28266;cv.picasso.R=487d5ea98debebcd934bd82436ebc6f6","R version 4.5.2 (2025-10-31)","aarch64-apple-darwin20","1.7.4","/System/Library/Frameworks/Accelerate.framework/Versions/A/Frameworks/vecLib.framework/Versions/A/libBLAS.dylib","/Library/Frameworks/R.framework/Versions/4.5-arm64/Resources/lib/libRlapack.dylib","Apple M3 Pro","OMP_NUM_THREADS=<unset>;OPENBLAS_NUM_THREADS=<unset>;VECLIB_MAXIMUM_THREADS=<unset>;MKL_NUM_THREADS=<unset>;BLIS_NUM_THREADS=<unset>"
"predict_class",2,"old",1.451,154160752,308527104,"eb5d745a0677b8db276ad921f3e35785",20000,3,30,"650b2b594282d4f082a60b6d5c5ff090","picasso_utils.R=ccc0f6df895a9dc134a33e2ca1d625bb;picasso.multinomial.R=895b5293f5224fb67fdf6d80238bf85e;assess.picasso.R=d99c54574ff2506317c1e2baaf808b70;cv.picasso.R=bcd1a95a3352e0b20986c06b3e9b5f70","picasso_utils.R=ccc0f6df895a9dc134a33e2ca1d625bb;picasso.multinomial.R=a32f759c161a59448b5dcc7ad4723642;assess.picasso.R=db436a2d678aa687f2f015cf48f28266;cv.picasso.R=487d5ea98debebcd934bd82436ebc6f6","R version 4.5.2 (2025-10-31)","aarch64-apple-darwin20","1.7.4","/System/Library/Frameworks/Accelerate.framework/Versions/A/Frameworks/vecLib.framework/Versions/A/libBLAS.dylib","/Library/Frameworks/R.framework/Versions/4.5-arm64/Resources/lib/libRlapack.dylib","Apple M3 Pro","OMP_NUM_THREADS=<unset>;OPENBLAS_NUM_THREADS=<unset>;VECLIB_MAXIMUM_THREADS=<unset>;MKL_NUM_THREADS=<unset>;BLIS_NUM_THREADS=<unset>"
"predict_class",3,"old",1.475,154160752,307904512,"eb5d745a0677b8db276ad921f3e35785",20000,3,30,"650b2b594282d4f082a60b6d5c5ff090","picasso_utils.R=ccc0f6df895a9dc134a33e2ca1d625bb;picasso.multinomial.R=895b5293f5224fb67fdf6d80238bf85e;assess.picasso.R=d99c54574ff2506317c1e2baaf808b70;cv.picasso.R=bcd1a95a3352e0b20986c06b3e9b5f70","picasso_utils.R=ccc0f6df895a9dc134a33e2ca1d625bb;picasso.multinomial.R=a32f759c161a59448b5dcc7ad4723642;assess.picasso.R=db436a2d678aa687f2f015cf48f28266;cv.picasso.R=487d5ea98debebcd934bd82436ebc6f6","R version 4.5.2 (2025-10-31)","aarch64-apple-darwin20","1.7.4","/System/Library/Frameworks/Accelerate.framework/Versions/A/Frameworks/vecLib.framework/Versions/A/libBLAS.dylib","/Library/Frameworks/R.framework/Versions/4.5-arm64/Resources/lib/libRlapack.dylib","Apple M3 Pro","OMP_NUM_THREADS=<unset>;OPENBLAS_NUM_THREADS=<unset>;VECLIB_MAXIMUM_THREADS=<unset>;MKL_NUM_THREADS=<unset>;BLIS_NUM_THREADS=<unset>"
"predict_class",3,"new",0.433,122956792,288604160,"eb5d745a0677b8db276ad921f3e35785",20000,3,30,"650b2b594282d4f082a60b6d5c5ff090","picasso_utils.R=ccc0f6df895a9dc134a33e2ca1d625bb;picasso.multinomial.R=895b5293f5224fb67fdf6d80238bf85e;assess.picasso.R=d99c54574ff2506317c1e2baaf808b70;cv.picasso.R=bcd1a95a3352e0b20986c06b3e9b5f70","picasso_utils.R=ccc0f6df895a9dc134a33e2ca1d625bb;picasso.multinomial.R=a32f759c161a59448b5dcc7ad4723642;assess.picasso.R=db436a2d678aa687f2f015cf48f28266;cv.picasso.R=487d5ea98debebcd934bd82436ebc6f6","R version 4.5.2 (2025-10-31)","aarch64-apple-darwin20","1.7.4","/System/Library/Frameworks/Accelerate.framework/Versions/A/Frameworks/vecLib.framework/Versions/A/libBLAS.dylib","/Library/Frameworks/R.framework/Versions/4.5-arm64/Resources/lib/libRlapack.dylib","Apple M3 Pro","OMP_NUM_THREADS=<unset>;OPENBLAS_NUM_THREADS=<unset>;VECLIB_MAXIMUM_THREADS=<unset>;MKL_NUM_THREADS=<unset>;BLIS_NUM_THREADS=<unset>"
"predict_class",4,"new",0.425,122956792,292864000,"eb5d745a0677b8db276ad921f3e35785",20000,3,30,"650b2b594282d4f082a60b6d5c5ff090","picasso_utils.R=ccc0f6df895a9dc134a33e2ca1d625bb;picasso.multinomial.R=895b5293f5224fb67fdf6d80238bf85e;assess.picasso.R=d99c54574ff2506317c1e2baaf808b70;cv.picasso.R=bcd1a95a3352e0b20986c06b3e9b5f70","picasso_utils.R=ccc0f6df895a9dc134a33e2ca1d625bb;picasso.multinomial.R=a32f759c161a59448b5dcc7ad4723642;assess.picasso.R=db436a2d678aa687f2f015cf48f28266;cv.picasso.R=487d5ea98debebcd934bd82436ebc6f6","R version 4.5.2 (2025-10-31)","aarch64-apple-darwin20","1.7.4","/System/Library/Frameworks/Accelerate.framework/Versions/A/Frameworks/vecLib.framework/Versions/A/libBLAS.dylib","/Library/Frameworks/R.framework/Versions/4.5-arm64/Resources/lib/libRlapack.dylib","Apple M3 Pro","OMP_NUM_THREADS=<unset>;OPENBLAS_NUM_THREADS=<unset>;VECLIB_MAXIMUM_THREADS=<unset>;MKL_NUM_THREADS=<unset>;BLIS_NUM_THREADS=<unset>"
"predict_class",4,"old",1.461,154160752,312098816,"eb5d745a0677b8db276ad921f3e35785",20000,3,30,"650b2b594282d4f082a60b6d5c5ff090","picasso_utils.R=ccc0f6df895a9dc134a33e2ca1d625bb;picasso.multinomial.R=895b5293f5224fb67fdf6d80238bf85e;assess.picasso.R=d99c54574ff2506317c1e2baaf808b70;cv.picasso.R=bcd1a95a3352e0b20986c06b3e9b5f70","picasso_utils.R=ccc0f6df895a9dc134a33e2ca1d625bb;picasso.multinomial.R=a32f759c161a59448b5dcc7ad4723642;assess.picasso.R=db436a2d678aa687f2f015cf48f28266;cv.picasso.R=487d5ea98debebcd934bd82436ebc6f6","R version 4.5.2 (2025-10-31)","aarch64-apple-darwin20","1.7.4","/System/Library/Frameworks/Accelerate.framework/Versions/A/Frameworks/vecLib.framework/Versions/A/libBLAS.dylib","/Library/Frameworks/R.framework/Versions/4.5-arm64/Resources/lib/libRlapack.dylib","Apple M3 Pro","OMP_NUM_THREADS=<unset>;OPENBLAS_NUM_THREADS=<unset>;VECLIB_MAXIMUM_THREADS=<unset>;MKL_NUM_THREADS=<unset>;BLIS_NUM_THREADS=<unset>"
"predict_class",5,"old",1.523,154160752,306872320,"eb5d745a0677b8db276ad921f3e35785",20000,3,30,"650b2b594282d4f082a60b6d5c5ff090","picasso_utils.R=ccc0f6df895a9dc134a33e2ca1d625bb;picasso.multinomial.R=895b5293f5224fb67fdf6d80238bf85e;assess.picasso.R=d99c54574ff2506317c1e2baaf808b70;cv.picasso.R=bcd1a95a3352e0b20986c06b3e9b5f70","picasso_utils.R=ccc0f6df895a9dc134a33e2ca1d625bb;picasso.multinomial.R=a32f759c161a59448b5dcc7ad4723642;assess.picasso.R=db436a2d678aa687f2f015cf48f28266;cv.picasso.R=487d5ea98debebcd934bd82436ebc6f6","R version 4.5.2 (2025-10-31)","aarch64-apple-darwin20","1.7.4","/System/Library/Frameworks/Accelerate.framework/Versions/A/Frameworks/vecLib.framework/Versions/A/libBLAS.dylib","/Library/Frameworks/R.framework/Versions/4.5-arm64/Resources/lib/libRlapack.dylib","Apple M3 Pro","OMP_NUM_THREADS=<unset>;OPENBLAS_NUM_THREADS=<unset>;VECLIB_MAXIMUM_THREADS=<unset>;MKL_NUM_THREADS=<unset>;BLIS_NUM_THREADS=<unset>"
"predict_class",5,"new",0.44,122956792,290652160,"eb5d745a0677b8db276ad921f3e35785",20000,3,30,"650b2b594282d4f082a60b6d5c5ff090","picasso_utils.R=ccc0f6df895a9dc134a33e2ca1d625bb;picasso.multinomial.R=895b5293f5224fb67fdf6d80238bf85e;assess.picasso.R=d99c54574ff2506317c1e2baaf808b70;cv.picasso.R=bcd1a95a3352e0b20986c06b3e9b5f70","picasso_utils.R=ccc0f6df895a9dc134a33e2ca1d625bb;picasso.multinomial.R=a32f759c161a59448b5dcc7ad4723642;assess.picasso.R=db436a2d678aa687f2f015cf48f28266;cv.picasso.R=487d5ea98debebcd934bd82436ebc6f6","R version 4.5.2 (2025-10-31)","aarch64-apple-darwin20","1.7.4","/System/Library/Frameworks/Accelerate.framework/Versions/A/Frameworks/vecLib.framework/Versions/A/libBLAS.dylib","/Library/Frameworks/R.framework/Versions/4.5-arm64/Resources/lib/libRlapack.dylib","Apple M3 Pro","OMP_NUM_THREADS=<unset>;OPENBLAS_NUM_THREADS=<unset>;VECLIB_MAXIMUM_THREADS=<unset>;MKL_NUM_THREADS=<unset>;BLIS_NUM_THREADS=<unset>"
"predict_class",6,"new",0.429,122956792,301711360,"eb5d745a0677b8db276ad921f3e35785",20000,3,30,"650b2b594282d4f082a60b6d5c5ff090","picasso_utils.R=ccc0f6df895a9dc134a33e2ca1d625bb;picasso.multinomial.R=895b5293f5224fb67fdf6d80238bf85e;assess.picasso.R=d99c54574ff2506317c1e2baaf808b70;cv.picasso.R=bcd1a95a3352e0b20986c06b3e9b5f70","picasso_utils.R=ccc0f6df895a9dc134a33e2ca1d625bb;picasso.multinomial.R=a32f759c161a59448b5dcc7ad4723642;assess.picasso.R=db436a2d678aa687f2f015cf48f28266;cv.picasso.R=487d5ea98debebcd934bd82436ebc6f6","R version 4.5.2 (2025-10-31)","aarch64-apple-darwin20","1.7.4","/System/Library/Frameworks/Accelerate.framework/Versions/A/Frameworks/vecLib.framework/Versions/A/libBLAS.dylib","/Library/Frameworks/R.framework/Versions/4.5-arm64/Resources/lib/libRlapack.dylib","Apple M3 Pro","OMP_NUM_THREADS=<unset>;OPENBLAS_NUM_THREADS=<unset>;VECLIB_MAXIMUM_THREADS=<unset>;MKL_NUM_THREADS=<unset>;BLIS_NUM_THREADS=<unset>"
"predict_class",6,"old",1.494,154160752,311459840,"eb5d745a0677b8db276ad921f3e35785",20000,3,30,"650b2b594282d4f082a60b6d5c5ff090","picasso_utils.R=ccc0f6df895a9dc134a33e2ca1d625bb;picasso.multinomial.R=895b5293f5224fb67fdf6d80238bf85e;assess.picasso.R=d99c54574ff2506317c1e2baaf808b70;cv.picasso.R=bcd1a95a3352e0b20986c06b3e9b5f70","picasso_utils.R=ccc0f6df895a9dc134a33e2ca1d625bb;picasso.multinomial.R=a32f759c161a59448b5dcc7ad4723642;assess.picasso.R=db436a2d678aa687f2f015cf48f28266;cv.picasso.R=487d5ea98debebcd934bd82436ebc6f6","R version 4.5.2 (2025-10-31)","aarch64-apple-darwin20","1.7.4","/System/Library/Frameworks/Accelerate.framework/Versions/A/Frameworks/vecLib.framework/Versions/A/libBLAS.dylib","/Library/Frameworks/R.framework/Versions/4.5-arm64/Resources/lib/libRlapack.dylib","Apple M3 Pro","OMP_NUM_THREADS=<unset>;OPENBLAS_NUM_THREADS=<unset>;VECLIB_MAXIMUM_THREADS=<unset>;MKL_NUM_THREADS=<unset>;BLIS_NUM_THREADS=<unset>"
"predict_class",7,"old",1.493,154160752,306823168,"eb5d745a0677b8db276ad921f3e35785",20000,3,30,"650b2b594282d4f082a60b6d5c5ff090","picasso_utils.R=ccc0f6df895a9dc134a33e2ca1d625bb;picasso.multinomial.R=895b5293f5224fb67fdf6d80238bf85e;assess.picasso.R=d99c54574ff2506317c1e2baaf808b70;cv.picasso.R=bcd1a95a3352e0b20986c06b3e9b5f70","picasso_utils.R=ccc0f6df895a9dc134a33e2ca1d625bb;picasso.multinomial.R=a32f759c161a59448b5dcc7ad4723642;assess.picasso.R=db436a2d678aa687f2f015cf48f28266;cv.picasso.R=487d5ea98debebcd934bd82436ebc6f6","R version 4.5.2 (2025-10-31)","aarch64-apple-darwin20","1.7.4","/System/Library/Frameworks/Accelerate.framework/Versions/A/Frameworks/vecLib.framework/Versions/A/libBLAS.dylib","/Library/Frameworks/R.framework/Versions/4.5-arm64/Resources/lib/libRlapack.dylib","Apple M3 Pro","OMP_NUM_THREADS=<unset>;OPENBLAS_NUM_THREADS=<unset>;VECLIB_MAXIMUM_THREADS=<unset>;MKL_NUM_THREADS=<unset>;BLIS_NUM_THREADS=<unset>"
"predict_class",7,"new",0.434,122956792,290209792,"eb5d745a0677b8db276ad921f3e35785",20000,3,30,"650b2b594282d4f082a60b6d5c5ff090","picasso_utils.R=ccc0f6df895a9dc134a33e2ca1d625bb;picasso.multinomial.R=895b5293f5224fb67fdf6d80238bf85e;assess.picasso.R=d99c54574ff2506317c1e2baaf808b70;cv.picasso.R=bcd1a95a3352e0b20986c06b3e9b5f70","picasso_utils.R=ccc0f6df895a9dc134a33e2ca1d625bb;picasso.multinomial.R=a32f759c161a59448b5dcc7ad4723642;assess.picasso.R=db436a2d678aa687f2f015cf48f28266;cv.picasso.R=487d5ea98debebcd934bd82436ebc6f6","R version 4.5.2 (2025-10-31)","aarch64-apple-darwin20","1.7.4","/System/Library/Frameworks/Accelerate.framework/Versions/A/Frameworks/vecLib.framework/Versions/A/libBLAS.dylib","/Library/Frameworks/R.framework/Versions/4.5-arm64/Resources/lib/libRlapack.dylib","Apple M3 Pro","OMP_NUM_THREADS=<unset>;OPENBLAS_NUM_THREADS=<unset>;VECLIB_MAXIMUM_THREADS=<unset>;MKL_NUM_THREADS=<unset>;BLIS_NUM_THREADS=<unset>"
"cv_class",1,"old",0.433,127116832,306429952,"775bfa9f6442b4209a76bf22d79dc60e",24000,3,25,"650b2b594282d4f082a60b6d5c5ff090","picasso_utils.R=ccc0f6df895a9dc134a33e2ca1d625bb;picasso.multinomial.R=895b5293f5224fb67fdf6d80238bf85e;assess.picasso.R=d99c54574ff2506317c1e2baaf808b70;cv.picasso.R=bcd1a95a3352e0b20986c06b3e9b5f70","picasso_utils.R=ccc0f6df895a9dc134a33e2ca1d625bb;picasso.multinomial.R=a32f759c161a59448b5dcc7ad4723642;assess.picasso.R=db436a2d678aa687f2f015cf48f28266;cv.picasso.R=487d5ea98debebcd934bd82436ebc6f6","R version 4.5.2 (2025-10-31)","aarch64-apple-darwin20","1.7.4","/System/Library/Frameworks/Accelerate.framework/Versions/A/Frameworks/vecLib.framework/Versions/A/libBLAS.dylib","/Library/Frameworks/R.framework/Versions/4.5-arm64/Resources/lib/libRlapack.dylib","Apple M3 Pro","OMP_NUM_THREADS=<unset>;OPENBLAS_NUM_THREADS=<unset>;VECLIB_MAXIMUM_THREADS=<unset>;MKL_NUM_THREADS=<unset>;BLIS_NUM_THREADS=<unset>"
"cv_class",1,"new",0.473,127075912,283836416,"775bfa9f6442b4209a76bf22d79dc60e",24000,3,25,"650b2b594282d4f082a60b6d5c5ff090","picasso_utils.R=ccc0f6df895a9dc134a33e2ca1d625bb;picasso.multinomial.R=895b5293f5224fb67fdf6d80238bf85e;assess.picasso.R=d99c54574ff2506317c1e2baaf808b70;cv.picasso.R=bcd1a95a3352e0b20986c06b3e9b5f70","picasso_utils.R=ccc0f6df895a9dc134a33e2ca1d625bb;picasso.multinomial.R=a32f759c161a59448b5dcc7ad4723642;assess.picasso.R=db436a2d678aa687f2f015cf48f28266;cv.picasso.R=487d5ea98debebcd934bd82436ebc6f6","R version 4.5.2 (2025-10-31)","aarch64-apple-darwin20","1.7.4","/System/Library/Frameworks/Accelerate.framework/Versions/A/Frameworks/vecLib.framework/Versions/A/libBLAS.dylib","/Library/Frameworks/R.framework/Versions/4.5-arm64/Resources/lib/libRlapack.dylib","Apple M3 Pro","OMP_NUM_THREADS=<unset>;OPENBLAS_NUM_THREADS=<unset>;VECLIB_MAXIMUM_THREADS=<unset>;MKL_NUM_THREADS=<unset>;BLIS_NUM_THREADS=<unset>"
"cv_class",2,"new",0.47,127075912,280576000,"775bfa9f6442b4209a76bf22d79dc60e",24000,3,25,"650b2b594282d4f082a60b6d5c5ff090","picasso_utils.R=ccc0f6df895a9dc134a33e2ca1d625bb;picasso.multinomial.R=895b5293f5224fb67fdf6d80238bf85e;assess.picasso.R=d99c54574ff2506317c1e2baaf808b70;cv.picasso.R=bcd1a95a3352e0b20986c06b3e9b5f70","picasso_utils.R=ccc0f6df895a9dc134a33e2ca1d625bb;picasso.multinomial.R=a32f759c161a59448b5dcc7ad4723642;assess.picasso.R=db436a2d678aa687f2f015cf48f28266;cv.picasso.R=487d5ea98debebcd934bd82436ebc6f6","R version 4.5.2 (2025-10-31)","aarch64-apple-darwin20","1.7.4","/System/Library/Frameworks/Accelerate.framework/Versions/A/Frameworks/vecLib.framework/Versions/A/libBLAS.dylib","/Library/Frameworks/R.framework/Versions/4.5-arm64/Resources/lib/libRlapack.dylib","Apple M3 Pro","OMP_NUM_THREADS=<unset>;OPENBLAS_NUM_THREADS=<unset>;VECLIB_MAXIMUM_THREADS=<unset>;MKL_NUM_THREADS=<unset>;BLIS_NUM_THREADS=<unset>"
"cv_class",2,"old",0.483,127116832,294715392,"775bfa9f6442b4209a76bf22d79dc60e",24000,3,25,"650b2b594282d4f082a60b6d5c5ff090","picasso_utils.R=ccc0f6df895a9dc134a33e2ca1d625bb;picasso.multinomial.R=895b5293f5224fb67fdf6d80238bf85e;assess.picasso.R=d99c54574ff2506317c1e2baaf808b70;cv.picasso.R=bcd1a95a3352e0b20986c06b3e9b5f70","picasso_utils.R=ccc0f6df895a9dc134a33e2ca1d625bb;picasso.multinomial.R=a32f759c161a59448b5dcc7ad4723642;assess.picasso.R=db436a2d678aa687f2f015cf48f28266;cv.picasso.R=487d5ea98debebcd934bd82436ebc6f6","R version 4.5.2 (2025-10-31)","aarch64-apple-darwin20","1.7.4","/System/Library/Frameworks/Accelerate.framework/Versions/A/Frameworks/vecLib.framework/Versions/A/libBLAS.dylib","/Library/Frameworks/R.framework/Versions/4.5-arm64/Resources/lib/libRlapack.dylib","Apple M3 Pro","OMP_NUM_THREADS=<unset>;OPENBLAS_NUM_THREADS=<unset>;VECLIB_MAXIMUM_THREADS=<unset>;MKL_NUM_THREADS=<unset>;BLIS_NUM_THREADS=<unset>"
"cv_class",3,"old",0.435,127116832,304447488,"775bfa9f6442b4209a76bf22d79dc60e",24000,3,25,"650b2b594282d4f082a60b6d5c5ff090","picasso_utils.R=ccc0f6df895a9dc134a33e2ca1d625bb;picasso.multinomial.R=895b5293f5224fb67fdf6d80238bf85e;assess.picasso.R=d99c54574ff2506317c1e2baaf808b70;cv.picasso.R=bcd1a95a3352e0b20986c06b3e9b5f70","picasso_utils.R=ccc0f6df895a9dc134a33e2ca1d625bb;picasso.multinomial.R=a32f759c161a59448b5dcc7ad4723642;assess.picasso.R=db436a2d678aa687f2f015cf48f28266;cv.picasso.R=487d5ea98debebcd934bd82436ebc6f6","R version 4.5.2 (2025-10-31)","aarch64-apple-darwin20","1.7.4","/System/Library/Frameworks/Accelerate.framework/Versions/A/Frameworks/vecLib.framework/Versions/A/libBLAS.dylib","/Library/Frameworks/R.framework/Versions/4.5-arm64/Resources/lib/libRlapack.dylib","Apple M3 Pro","OMP_NUM_THREADS=<unset>;OPENBLAS_NUM_THREADS=<unset>;VECLIB_MAXIMUM_THREADS=<unset>;MKL_NUM_THREADS=<unset>;BLIS_NUM_THREADS=<unset>"
"cv_class",3,"new",0.451,127075912,281493504,"775bfa9f6442b4209a76bf22d79dc60e",24000,3,25,"650b2b594282d4f082a60b6d5c5ff090","picasso_utils.R=ccc0f6df895a9dc134a33e2ca1d625bb;picasso.multinomial.R=895b5293f5224fb67fdf6d80238bf85e;assess.picasso.R=d99c54574ff2506317c1e2baaf808b70;cv.picasso.R=bcd1a95a3352e0b20986c06b3e9b5f70","picasso_utils.R=ccc0f6df895a9dc134a33e2ca1d625bb;picasso.multinomial.R=a32f759c161a59448b5dcc7ad4723642;assess.picasso.R=db436a2d678aa687f2f015cf48f28266;cv.picasso.R=487d5ea98debebcd934bd82436ebc6f6","R version 4.5.2 (2025-10-31)","aarch64-apple-darwin20","1.7.4","/System/Library/Frameworks/Accelerate.framework/Versions/A/Frameworks/vecLib.framework/Versions/A/libBLAS.dylib","/Library/Frameworks/R.framework/Versions/4.5-arm64/Resources/lib/libRlapack.dylib","Apple M3 Pro","OMP_NUM_THREADS=<unset>;OPENBLAS_NUM_THREADS=<unset>;VECLIB_MAXIMUM_THREADS=<unset>;MKL_NUM_THREADS=<unset>;BLIS_NUM_THREADS=<unset>"
"cv_class",4,"new",0.428,127075912,290652160,"775bfa9f6442b4209a76bf22d79dc60e",24000,3,25,"650b2b594282d4f082a60b6d5c5ff090","picasso_utils.R=ccc0f6df895a9dc134a33e2ca1d625bb;picasso.multinomial.R=895b5293f5224fb67fdf6d80238bf85e;assess.picasso.R=d99c54574ff2506317c1e2baaf808b70;cv.picasso.R=bcd1a95a3352e0b20986c06b3e9b5f70","picasso_utils.R=ccc0f6df895a9dc134a33e2ca1d625bb;picasso.multinomial.R=a32f759c161a59448b5dcc7ad4723642;assess.picasso.R=db436a2d678aa687f2f015cf48f28266;cv.picasso.R=487d5ea98debebcd934bd82436ebc6f6","R version 4.5.2 (2025-10-31)","aarch64-apple-darwin20","1.7.4","/System/Library/Frameworks/Accelerate.framework/Versions/A/Frameworks/vecLib.framework/Versions/A/libBLAS.dylib","/Library/Frameworks/R.framework/Versions/4.5-arm64/Resources/lib/libRlapack.dylib","Apple M3 Pro","OMP_NUM_THREADS=<unset>;OPENBLAS_NUM_THREADS=<unset>;VECLIB_MAXIMUM_THREADS=<unset>;MKL_NUM_THREADS=<unset>;BLIS_NUM_THREADS=<unset>"
"cv_class",4,"old",0.443,127116832,296206336,"775bfa9f6442b4209a76bf22d79dc60e",24000,3,25,"650b2b594282d4f082a60b6d5c5ff090","picasso_utils.R=ccc0f6df895a9dc134a33e2ca1d625bb;picasso.multinomial.R=895b5293f5224fb67fdf6d80238bf85e;assess.picasso.R=d99c54574ff2506317c1e2baaf808b70;cv.picasso.R=bcd1a95a3352e0b20986c06b3e9b5f70","picasso_utils.R=ccc0f6df895a9dc134a33e2ca1d625bb;picasso.multinomial.R=a32f759c161a59448b5dcc7ad4723642;assess.picasso.R=db436a2d678aa687f2f015cf48f28266;cv.picasso.R=487d5ea98debebcd934bd82436ebc6f6","R version 4.5.2 (2025-10-31)","aarch64-apple-darwin20","1.7.4","/System/Library/Frameworks/Accelerate.framework/Versions/A/Frameworks/vecLib.framework/Versions/A/libBLAS.dylib","/Library/Frameworks/R.framework/Versions/4.5-arm64/Resources/lib/libRlapack.dylib","Apple M3 Pro","OMP_NUM_THREADS=<unset>;OPENBLAS_NUM_THREADS=<unset>;VECLIB_MAXIMUM_THREADS=<unset>;MKL_NUM_THREADS=<unset>;BLIS_NUM_THREADS=<unset>"
"cv_class",5,"old",0.43,127116832,299417600,"775bfa9f6442b4209a76bf22d79dc60e",24000,3,25,"650b2b594282d4f082a60b6d5c5ff090","picasso_utils.R=ccc0f6df895a9dc134a33e2ca1d625bb;picasso.multinomial.R=895b5293f5224fb67fdf6d80238bf85e;assess.picasso.R=d99c54574ff2506317c1e2baaf808b70;cv.picasso.R=bcd1a95a3352e0b20986c06b3e9b5f70","picasso_utils.R=ccc0f6df895a9dc134a33e2ca1d625bb;picasso.multinomial.R=a32f759c161a59448b5dcc7ad4723642;assess.picasso.R=db436a2d678aa687f2f015cf48f28266;cv.picasso.R=487d5ea98debebcd934bd82436ebc6f6","R version 4.5.2 (2025-10-31)","aarch64-apple-darwin20","1.7.4","/System/Library/Frameworks/Accelerate.framework/Versions/A/Frameworks/vecLib.framework/Versions/A/libBLAS.dylib","/Library/Frameworks/R.framework/Versions/4.5-arm64/Resources/lib/libRlapack.dylib","Apple M3 Pro","OMP_NUM_THREADS=<unset>;OPENBLAS_NUM_THREADS=<unset>;VECLIB_MAXIMUM_THREADS=<unset>;MKL_NUM_THREADS=<unset>;BLIS_NUM_THREADS=<unset>"
"cv_class",5,"new",0.429,127075912,289144832,"775bfa9f6442b4209a76bf22d79dc60e",24000,3,25,"650b2b594282d4f082a60b6d5c5ff090","picasso_utils.R=ccc0f6df895a9dc134a33e2ca1d625bb;picasso.multinomial.R=895b5293f5224fb67fdf6d80238bf85e;assess.picasso.R=d99c54574ff2506317c1e2baaf808b70;cv.picasso.R=bcd1a95a3352e0b20986c06b3e9b5f70","picasso_utils.R=ccc0f6df895a9dc134a33e2ca1d625bb;picasso.multinomial.R=a32f759c161a59448b5dcc7ad4723642;assess.picasso.R=db436a2d678aa687f2f015cf48f28266;cv.picasso.R=487d5ea98debebcd934bd82436ebc6f6","R version 4.5.2 (2025-10-31)","aarch64-apple-darwin20","1.7.4","/System/Library/Frameworks/Accelerate.framework/Versions/A/Frameworks/vecLib.framework/Versions/A/libBLAS.dylib","/Library/Frameworks/R.framework/Versions/4.5-arm64/Resources/lib/libRlapack.dylib","Apple M3 Pro","OMP_NUM_THREADS=<unset>;OPENBLAS_NUM_THREADS=<unset>;VECLIB_MAXIMUM_THREADS=<unset>;MKL_NUM_THREADS=<unset>;BLIS_NUM_THREADS=<unset>"
"cv_class",6,"new",0.447,127075912,279494656,"775bfa9f6442b4209a76bf22d79dc60e",24000,3,25,"650b2b594282d4f082a60b6d5c5ff090","picasso_utils.R=ccc0f6df895a9dc134a33e2ca1d625bb;picasso.multinomial.R=895b5293f5224fb67fdf6d80238bf85e;assess.picasso.R=d99c54574ff2506317c1e2baaf808b70;cv.picasso.R=bcd1a95a3352e0b20986c06b3e9b5f70","picasso_utils.R=ccc0f6df895a9dc134a33e2ca1d625bb;picasso.multinomial.R=a32f759c161a59448b5dcc7ad4723642;assess.picasso.R=db436a2d678aa687f2f015cf48f28266;cv.picasso.R=487d5ea98debebcd934bd82436ebc6f6","R version 4.5.2 (2025-10-31)","aarch64-apple-darwin20","1.7.4","/System/Library/Frameworks/Accelerate.framework/Versions/A/Frameworks/vecLib.framework/Versions/A/libBLAS.dylib","/Library/Frameworks/R.framework/Versions/4.5-arm64/Resources/lib/libRlapack.dylib","Apple M3 Pro","OMP_NUM_THREADS=<unset>;OPENBLAS_NUM_THREADS=<unset>;VECLIB_MAXIMUM_THREADS=<unset>;MKL_NUM_THREADS=<unset>;BLIS_NUM_THREADS=<unset>"
"cv_class",6,"old",0.426,127116832,294420480,"775bfa9f6442b4209a76bf22d79dc60e",24000,3,25,"650b2b594282d4f082a60b6d5c5ff090","picasso_utils.R=ccc0f6df895a9dc134a33e2ca1d625bb;picasso.multinomial.R=895b5293f5224fb67fdf6d80238bf85e;assess.picasso.R=d99c54574ff2506317c1e2baaf808b70;cv.picasso.R=bcd1a95a3352e0b20986c06b3e9b5f70","picasso_utils.R=ccc0f6df895a9dc134a33e2ca1d625bb;picasso.multinomial.R=a32f759c161a59448b5dcc7ad4723642;assess.picasso.R=db436a2d678aa687f2f015cf48f28266;cv.picasso.R=487d5ea98debebcd934bd82436ebc6f6","R version 4.5.2 (2025-10-31)","aarch64-apple-darwin20","1.7.4","/System/Library/Frameworks/Accelerate.framework/Versions/A/Frameworks/vecLib.framework/Versions/A/libBLAS.dylib","/Library/Frameworks/R.framework/Versions/4.5-arm64/Resources/lib/libRlapack.dylib","Apple M3 Pro","OMP_NUM_THREADS=<unset>;OPENBLAS_NUM_THREADS=<unset>;VECLIB_MAXIMUM_THREADS=<unset>;MKL_NUM_THREADS=<unset>;BLIS_NUM_THREADS=<unset>"
"cv_class",7,"old",0.431,127116832,293748736,"775bfa9f6442b4209a76bf22d79dc60e",24000,3,25,"650b2b594282d4f082a60b6d5c5ff090","picasso_utils.R=ccc0f6df895a9dc134a33e2ca1d625bb;picasso.multinomial.R=895b5293f5224fb67fdf6d80238bf85e;assess.picasso.R=d99c54574ff2506317c1e2baaf808b70;cv.picasso.R=bcd1a95a3352e0b20986c06b3e9b5f70","picasso_utils.R=ccc0f6df895a9dc134a33e2ca1d625bb;picasso.multinomial.R=a32f759c161a59448b5dcc7ad4723642;assess.picasso.R=db436a2d678aa687f2f015cf48f28266;cv.picasso.R=487d5ea98debebcd934bd82436ebc6f6","R version 4.5.2 (2025-10-31)","aarch64-apple-darwin20","1.7.4","/System/Library/Frameworks/Accelerate.framework/Versions/A/Frameworks/vecLib.framework/Versions/A/libBLAS.dylib","/Library/Frameworks/R.framework/Versions/4.5-arm64/Resources/lib/libRlapack.dylib","Apple M3 Pro","OMP_NUM_THREADS=<unset>;OPENBLAS_NUM_THREADS=<unset>;VECLIB_MAXIMUM_THREADS=<unset>;MKL_NUM_THREADS=<unset>;BLIS_NUM_THREADS=<unset>"
"cv_class",7,"new",0.426,127075912,285999104,"775bfa9f6442b4209a76bf22d79dc60e",24000,3,25,"650b2b594282d4f082a60b6d5c5ff090","picasso_utils.R=ccc0f6df895a9dc134a33e2ca1d625bb;picasso.multinomial.R=895b5293f5224fb67fdf6d80238bf85e;assess.picasso.R=d99c54574ff2506317c1e2baaf808b70;cv.picasso.R=bcd1a95a3352e0b20986c06b3e9b5f70","picasso_utils.R=ccc0f6df895a9dc134a33e2ca1d625bb;picasso.multinomial.R=a32f759c161a59448b5dcc7ad4723642;assess.picasso.R=db436a2d678aa687f2f015cf48f28266;cv.picasso.R=487d5ea98debebcd934bd82436ebc6f6","R version 4.5.2 (2025-10-31)","aarch64-apple-darwin20","1.7.4","/System/Library/Frameworks/Accelerate.framework/Versions/A/Frameworks/vecLib.framework/Versions/A/libBLAS.dylib","/Library/Frameworks/R.framework/Versions/4.5-arm64/Resources/lib/libRlapack.dylib","Apple M3 Pro","OMP_NUM_THREADS=<unset>;OPENBLAS_NUM_THREADS=<unset>;VECLIB_MAXIMUM_THREADS=<unset>;MKL_NUM_THREADS=<unset>;BLIS_NUM_THREADS=<unset>"
"cv_deviance",1,"old",0.869,228159568,302972928,"5acafbafc8fb8ab4500fe08e34b1478a",24000,3,25,"650b2b594282d4f082a60b6d5c5ff090","picasso_utils.R=ccc0f6df895a9dc134a33e2ca1d625bb;picasso.multinomial.R=895b5293f5224fb67fdf6d80238bf85e;assess.picasso.R=d99c54574ff2506317c1e2baaf808b70;cv.picasso.R=bcd1a95a3352e0b20986c06b3e9b5f70","picasso_utils.R=ccc0f6df895a9dc134a33e2ca1d625bb;picasso.multinomial.R=a32f759c161a59448b5dcc7ad4723642;assess.picasso.R=db436a2d678aa687f2f015cf48f28266;cv.picasso.R=487d5ea98debebcd934bd82436ebc6f6","R version 4.5.2 (2025-10-31)","aarch64-apple-darwin20","1.7.4","/System/Library/Frameworks/Accelerate.framework/Versions/A/Frameworks/vecLib.framework/Versions/A/libBLAS.dylib","/Library/Frameworks/R.framework/Versions/4.5-arm64/Resources/lib/libRlapack.dylib","Apple M3 Pro","OMP_NUM_THREADS=<unset>;OPENBLAS_NUM_THREADS=<unset>;VECLIB_MAXIMUM_THREADS=<unset>;MKL_NUM_THREADS=<unset>;BLIS_NUM_THREADS=<unset>"
"cv_deviance",1,"new",0.441,151281848,297811968,"5acafbafc8fb8ab4500fe08e34b1478a",24000,3,25,"650b2b594282d4f082a60b6d5c5ff090","picasso_utils.R=ccc0f6df895a9dc134a33e2ca1d625bb;picasso.multinomial.R=895b5293f5224fb67fdf6d80238bf85e;assess.picasso.R=d99c54574ff2506317c1e2baaf808b70;cv.picasso.R=bcd1a95a3352e0b20986c06b3e9b5f70","picasso_utils.R=ccc0f6df895a9dc134a33e2ca1d625bb;picasso.multinomial.R=a32f759c161a59448b5dcc7ad4723642;assess.picasso.R=db436a2d678aa687f2f015cf48f28266;cv.picasso.R=487d5ea98debebcd934bd82436ebc6f6","R version 4.5.2 (2025-10-31)","aarch64-apple-darwin20","1.7.4","/System/Library/Frameworks/Accelerate.framework/Versions/A/Frameworks/vecLib.framework/Versions/A/libBLAS.dylib","/Library/Frameworks/R.framework/Versions/4.5-arm64/Resources/lib/libRlapack.dylib","Apple M3 Pro","OMP_NUM_THREADS=<unset>;OPENBLAS_NUM_THREADS=<unset>;VECLIB_MAXIMUM_THREADS=<unset>;MKL_NUM_THREADS=<unset>;BLIS_NUM_THREADS=<unset>"
"cv_deviance",2,"new",0.455,151281848,300941312,"5acafbafc8fb8ab4500fe08e34b1478a",24000,3,25,"650b2b594282d4f082a60b6d5c5ff090","picasso_utils.R=ccc0f6df895a9dc134a33e2ca1d625bb;picasso.multinomial.R=895b5293f5224fb67fdf6d80238bf85e;assess.picasso.R=d99c54574ff2506317c1e2baaf808b70;cv.picasso.R=bcd1a95a3352e0b20986c06b3e9b5f70","picasso_utils.R=ccc0f6df895a9dc134a33e2ca1d625bb;picasso.multinomial.R=a32f759c161a59448b5dcc7ad4723642;assess.picasso.R=db436a2d678aa687f2f015cf48f28266;cv.picasso.R=487d5ea98debebcd934bd82436ebc6f6","R version 4.5.2 (2025-10-31)","aarch64-apple-darwin20","1.7.4","/System/Library/Frameworks/Accelerate.framework/Versions/A/Frameworks/vecLib.framework/Versions/A/libBLAS.dylib","/Library/Frameworks/R.framework/Versions/4.5-arm64/Resources/lib/libRlapack.dylib","Apple M3 Pro","OMP_NUM_THREADS=<unset>;OPENBLAS_NUM_THREADS=<unset>;VECLIB_MAXIMUM_THREADS=<unset>;MKL_NUM_THREADS=<unset>;BLIS_NUM_THREADS=<unset>"
"cv_deviance",2,"old",0.859,228159568,308658176,"5acafbafc8fb8ab4500fe08e34b1478a",24000,3,25,"650b2b594282d4f082a60b6d5c5ff090","picasso_utils.R=ccc0f6df895a9dc134a33e2ca1d625bb;picasso.multinomial.R=895b5293f5224fb67fdf6d80238bf85e;assess.picasso.R=d99c54574ff2506317c1e2baaf808b70;cv.picasso.R=bcd1a95a3352e0b20986c06b3e9b5f70","picasso_utils.R=ccc0f6df895a9dc134a33e2ca1d625bb;picasso.multinomial.R=a32f759c161a59448b5dcc7ad4723642;assess.picasso.R=db436a2d678aa687f2f015cf48f28266;cv.picasso.R=487d5ea98debebcd934bd82436ebc6f6","R version 4.5.2 (2025-10-31)","aarch64-apple-darwin20","1.7.4","/System/Library/Frameworks/Accelerate.framework/Versions/A/Frameworks/vecLib.framework/Versions/A/libBLAS.dylib","/Library/Frameworks/R.framework/Versions/4.5-arm64/Resources/lib/libRlapack.dylib","Apple M3 Pro","OMP_NUM_THREADS=<unset>;OPENBLAS_NUM_THREADS=<unset>;VECLIB_MAXIMUM_THREADS=<unset>;MKL_NUM_THREADS=<unset>;BLIS_NUM_THREADS=<unset>"
"cv_deviance",3,"old",0.882,228159568,325910528,"5acafbafc8fb8ab4500fe08e34b1478a",24000,3,25,"650b2b594282d4f082a60b6d5c5ff090","picasso_utils.R=ccc0f6df895a9dc134a33e2ca1d625bb;picasso.multinomial.R=895b5293f5224fb67fdf6d80238bf85e;assess.picasso.R=d99c54574ff2506317c1e2baaf808b70;cv.picasso.R=bcd1a95a3352e0b20986c06b3e9b5f70","picasso_utils.R=ccc0f6df895a9dc134a33e2ca1d625bb;picasso.multinomial.R=a32f759c161a59448b5dcc7ad4723642;assess.picasso.R=db436a2d678aa687f2f015cf48f28266;cv.picasso.R=487d5ea98debebcd934bd82436ebc6f6","R version 4.5.2 (2025-10-31)","aarch64-apple-darwin20","1.7.4","/System/Library/Frameworks/Accelerate.framework/Versions/A/Frameworks/vecLib.framework/Versions/A/libBLAS.dylib","/Library/Frameworks/R.framework/Versions/4.5-arm64/Resources/lib/libRlapack.dylib","Apple M3 Pro","OMP_NUM_THREADS=<unset>;OPENBLAS_NUM_THREADS=<unset>;VECLIB_MAXIMUM_THREADS=<unset>;MKL_NUM_THREADS=<unset>;BLIS_NUM_THREADS=<unset>"
"cv_deviance",3,"new",0.439,151281848,287752192,"5acafbafc8fb8ab4500fe08e34b1478a",24000,3,25,"650b2b594282d4f082a60b6d5c5ff090","picasso_utils.R=ccc0f6df895a9dc134a33e2ca1d625bb;picasso.multinomial.R=895b5293f5224fb67fdf6d80238bf85e;assess.picasso.R=d99c54574ff2506317c1e2baaf808b70;cv.picasso.R=bcd1a95a3352e0b20986c06b3e9b5f70","picasso_utils.R=ccc0f6df895a9dc134a33e2ca1d625bb;picasso.multinomial.R=a32f759c161a59448b5dcc7ad4723642;assess.picasso.R=db436a2d678aa687f2f015cf48f28266;cv.picasso.R=487d5ea98debebcd934bd82436ebc6f6","R version 4.5.2 (2025-10-31)","aarch64-apple-darwin20","1.7.4","/System/Library/Frameworks/Accelerate.framework/Versions/A/Frameworks/vecLib.framework/Versions/A/libBLAS.dylib","/Library/Frameworks/R.framework/Versions/4.5-arm64/Resources/lib/libRlapack.dylib","Apple M3 Pro","OMP_NUM_THREADS=<unset>;OPENBLAS_NUM_THREADS=<unset>;VECLIB_MAXIMUM_THREADS=<unset>;MKL_NUM_THREADS=<unset>;BLIS_NUM_THREADS=<unset>"
"cv_deviance",4,"new",0.485,151281848,292683776,"5acafbafc8fb8ab4500fe08e34b1478a",24000,3,25,"650b2b594282d4f082a60b6d5c5ff090","picasso_utils.R=ccc0f6df895a9dc134a33e2ca1d625bb;picasso.multinomial.R=895b5293f5224fb67fdf6d80238bf85e;assess.picasso.R=d99c54574ff2506317c1e2baaf808b70;cv.picasso.R=bcd1a95a3352e0b20986c06b3e9b5f70","picasso_utils.R=ccc0f6df895a9dc134a33e2ca1d625bb;picasso.multinomial.R=a32f759c161a59448b5dcc7ad4723642;assess.picasso.R=db436a2d678aa687f2f015cf48f28266;cv.picasso.R=487d5ea98debebcd934bd82436ebc6f6","R version 4.5.2 (2025-10-31)","aarch64-apple-darwin20","1.7.4","/System/Library/Frameworks/Accelerate.framework/Versions/A/Frameworks/vecLib.framework/Versions/A/libBLAS.dylib","/Library/Frameworks/R.framework/Versions/4.5-arm64/Resources/lib/libRlapack.dylib","Apple M3 Pro","OMP_NUM_THREADS=<unset>;OPENBLAS_NUM_THREADS=<unset>;VECLIB_MAXIMUM_THREADS=<unset>;MKL_NUM_THREADS=<unset>;BLIS_NUM_THREADS=<unset>"
"cv_deviance",4,"old",0.882,228159568,298008576,"5acafbafc8fb8ab4500fe08e34b1478a",24000,3,25,"650b2b594282d4f082a60b6d5c5ff090","picasso_utils.R=ccc0f6df895a9dc134a33e2ca1d625bb;picasso.multinomial.R=895b5293f5224fb67fdf6d80238bf85e;assess.picasso.R=d99c54574ff2506317c1e2baaf808b70;cv.picasso.R=bcd1a95a3352e0b20986c06b3e9b5f70","picasso_utils.R=ccc0f6df895a9dc134a33e2ca1d625bb;picasso.multinomial.R=a32f759c161a59448b5dcc7ad4723642;assess.picasso.R=db436a2d678aa687f2f015cf48f28266;cv.picasso.R=487d5ea98debebcd934bd82436ebc6f6","R version 4.5.2 (2025-10-31)","aarch64-apple-darwin20","1.7.4","/System/Library/Frameworks/Accelerate.framework/Versions/A/Frameworks/vecLib.framework/Versions/A/libBLAS.dylib","/Library/Frameworks/R.framework/Versions/4.5-arm64/Resources/lib/libRlapack.dylib","Apple M3 Pro","OMP_NUM_THREADS=<unset>;OPENBLAS_NUM_THREADS=<unset>;VECLIB_MAXIMUM_THREADS=<unset>;MKL_NUM_THREADS=<unset>;BLIS_NUM_THREADS=<unset>"
"cv_deviance",5,"old",0.912,228159568,302874624,"5acafbafc8fb8ab4500fe08e34b1478a",24000,3,25,"650b2b594282d4f082a60b6d5c5ff090","picasso_utils.R=ccc0f6df895a9dc134a33e2ca1d625bb;picasso.multinomial.R=895b5293f5224fb67fdf6d80238bf85e;assess.picasso.R=d99c54574ff2506317c1e2baaf808b70;cv.picasso.R=bcd1a95a3352e0b20986c06b3e9b5f70","picasso_utils.R=ccc0f6df895a9dc134a33e2ca1d625bb;picasso.multinomial.R=a32f759c161a59448b5dcc7ad4723642;assess.picasso.R=db436a2d678aa687f2f015cf48f28266;cv.picasso.R=487d5ea98debebcd934bd82436ebc6f6","R version 4.5.2 (2025-10-31)","aarch64-apple-darwin20","1.7.4","/System/Library/Frameworks/Accelerate.framework/Versions/A/Frameworks/vecLib.framework/Versions/A/libBLAS.dylib","/Library/Frameworks/R.framework/Versions/4.5-arm64/Resources/lib/libRlapack.dylib","Apple M3 Pro","OMP_NUM_THREADS=<unset>;OPENBLAS_NUM_THREADS=<unset>;VECLIB_MAXIMUM_THREADS=<unset>;MKL_NUM_THREADS=<unset>;BLIS_NUM_THREADS=<unset>"
"cv_deviance",5,"new",0.519,151281848,295026688,"5acafbafc8fb8ab4500fe08e34b1478a",24000,3,25,"650b2b594282d4f082a60b6d5c5ff090","picasso_utils.R=ccc0f6df895a9dc134a33e2ca1d625bb;picasso.multinomial.R=895b5293f5224fb67fdf6d80238bf85e;assess.picasso.R=d99c54574ff2506317c1e2baaf808b70;cv.picasso.R=bcd1a95a3352e0b20986c06b3e9b5f70","picasso_utils.R=ccc0f6df895a9dc134a33e2ca1d625bb;picasso.multinomial.R=a32f759c161a59448b5dcc7ad4723642;assess.picasso.R=db436a2d678aa687f2f015cf48f28266;cv.picasso.R=487d5ea98debebcd934bd82436ebc6f6","R version 4.5.2 (2025-10-31)","aarch64-apple-darwin20","1.7.4","/System/Library/Frameworks/Accelerate.framework/Versions/A/Frameworks/vecLib.framework/Versions/A/libBLAS.dylib","/Library/Frameworks/R.framework/Versions/4.5-arm64/Resources/lib/libRlapack.dylib","Apple M3 Pro","OMP_NUM_THREADS=<unset>;OPENBLAS_NUM_THREADS=<unset>;VECLIB_MAXIMUM_THREADS=<unset>;MKL_NUM_THREADS=<unset>;BLIS_NUM_THREADS=<unset>"
"cv_deviance",6,"new",0.441,151281848,296370176,"5acafbafc8fb8ab4500fe08e34b1478a",24000,3,25,"650b2b594282d4f082a60b6d5c5ff090","picasso_utils.R=ccc0f6df895a9dc134a33e2ca1d625bb;picasso.multinomial.R=895b5293f5224fb67fdf6d80238bf85e;assess.picasso.R=d99c54574ff2506317c1e2baaf808b70;cv.picasso.R=bcd1a95a3352e0b20986c06b3e9b5f70","picasso_utils.R=ccc0f6df895a9dc134a33e2ca1d625bb;picasso.multinomial.R=a32f759c161a59448b5dcc7ad4723642;assess.picasso.R=db436a2d678aa687f2f015cf48f28266;cv.picasso.R=487d5ea98debebcd934bd82436ebc6f6","R version 4.5.2 (2025-10-31)","aarch64-apple-darwin20","1.7.4","/System/Library/Frameworks/Accelerate.framework/Versions/A/Frameworks/vecLib.framework/Versions/A/libBLAS.dylib","/Library/Frameworks/R.framework/Versions/4.5-arm64/Resources/lib/libRlapack.dylib","Apple M3 Pro","OMP_NUM_THREADS=<unset>;OPENBLAS_NUM_THREADS=<unset>;VECLIB_MAXIMUM_THREADS=<unset>;MKL_NUM_THREADS=<unset>;BLIS_NUM_THREADS=<unset>"
"cv_deviance",6,"old",0.839,228159568,306577408,"5acafbafc8fb8ab4500fe08e34b1478a",24000,3,25,"650b2b594282d4f082a60b6d5c5ff090","picasso_utils.R=ccc0f6df895a9dc134a33e2ca1d625bb;picasso.multinomial.R=895b5293f5224fb67fdf6d80238bf85e;assess.picasso.R=d99c54574ff2506317c1e2baaf808b70;cv.picasso.R=bcd1a95a3352e0b20986c06b3e9b5f70","picasso_utils.R=ccc0f6df895a9dc134a33e2ca1d625bb;picasso.multinomial.R=a32f759c161a59448b5dcc7ad4723642;assess.picasso.R=db436a2d678aa687f2f015cf48f28266;cv.picasso.R=487d5ea98debebcd934bd82436ebc6f6","R version 4.5.2 (2025-10-31)","aarch64-apple-darwin20","1.7.4","/System/Library/Frameworks/Accelerate.framework/Versions/A/Frameworks/vecLib.framework/Versions/A/libBLAS.dylib","/Library/Frameworks/R.framework/Versions/4.5-arm64/Resources/lib/libRlapack.dylib","Apple M3 Pro","OMP_NUM_THREADS=<unset>;OPENBLAS_NUM_THREADS=<unset>;VECLIB_MAXIMUM_THREADS=<unset>;MKL_NUM_THREADS=<unset>;BLIS_NUM_THREADS=<unset>"
"cv_deviance",7,"old",0.856,228159568,319438848,"5acafbafc8fb8ab4500fe08e34b1478a",24000,3,25,"650b2b594282d4f082a60b6d5c5ff090","picasso_utils.R=ccc0f6df895a9dc134a33e2ca1d625bb;picasso.multinomial.R=895b5293f5224fb67fdf6d80238bf85e;assess.picasso.R=d99c54574ff2506317c1e2baaf808b70;cv.picasso.R=bcd1a95a3352e0b20986c06b3e9b5f70","picasso_utils.R=ccc0f6df895a9dc134a33e2ca1d625bb;picasso.multinomial.R=a32f759c161a59448b5dcc7ad4723642;assess.picasso.R=db436a2d678aa687f2f015cf48f28266;cv.picasso.R=487d5ea98debebcd934bd82436ebc6f6","R version 4.5.2 (2025-10-31)","aarch64-apple-darwin20","1.7.4","/System/Library/Frameworks/Accelerate.framework/Versions/A/Frameworks/vecLib.framework/Versions/A/libBLAS.dylib","/Library/Frameworks/R.framework/Versions/4.5-arm64/Resources/lib/libRlapack.dylib","Apple M3 Pro","OMP_NUM_THREADS=<unset>;OPENBLAS_NUM_THREADS=<unset>;VECLIB_MAXIMUM_THREADS=<unset>;MKL_NUM_THREADS=<unset>;BLIS_NUM_THREADS=<unset>"
"cv_deviance",7,"new",0.445,151281848,293797888,"5acafbafc8fb8ab4500fe08e34b1478a",24000,3,25,"650b2b594282d4f082a60b6d5c5ff090","picasso_utils.R=ccc0f6df895a9dc134a33e2ca1d625bb;picasso.multinomial.R=895b5293f5224fb67fdf6d80238bf85e;assess.picasso.R=d99c54574ff2506317c1e2baaf808b70;cv.picasso.R=bcd1a95a3352e0b20986c06b3e9b5f70","picasso_utils.R=ccc0f6df895a9dc134a33e2ca1d625bb;picasso.multinomial.R=a32f759c161a59448b5dcc7ad4723642;assess.picasso.R=db436a2d678aa687f2f015cf48f28266;cv.picasso.R=487d5ea98debebcd934bd82436ebc6f6","R version 4.5.2 (2025-10-31)","aarch64-apple-darwin20","1.7.4","/System/Library/Frameworks/Accelerate.framework/Versions/A/Frameworks/vecLib.framework/Versions/A/libBLAS.dylib","/Library/Frameworks/R.framework/Versions/4.5-arm64/Resources/lib/libRlapack.dylib","Apple M3 Pro","OMP_NUM_THREADS=<unset>;OPENBLAS_NUM_THREADS=<unset>;VECLIB_MAXIMUM_THREADS=<unset>;MKL_NUM_THREADS=<unset>;BLIS_NUM_THREADS=<unset>"
