"family","shape","seed","config","package","repetition","batch_size","seconds","block_seconds","object_mb","reported_picasso_seconds","path_fitted"
"binomial","tall",74001,"public_default","picasso",1,4,0.03725,0.149,0.0381317138671875,0.0345759391784668,45
"binomial","tall",74001,"public_default","glmnet",1,3,0.0533333333333333,0.16,4.74150848388672,NA,45
"binomial","tall",74001,"public_default","glmnet",2,3,0.0526666666666666,0.158,4.74150848388672,NA,45
"binomial","tall",74001,"public_default","picasso",2,4,0.037,0.148,0.0381317138671875,0.0347120761871338,45
"binomial","tall",74001,"public_default","picasso",3,4,0.037,0.148,0.0381317138671875,0.034883975982666,45
"binomial","tall",74001,"public_default","glmnet",3,3,0.0529999999999999,0.159,4.74150848388672,NA,45
"binomial","tall",74001,"public_default","glmnet",4,3,0.0530000000000001,0.159,4.74150848388672,NA,45
"binomial","tall",74001,"public_default","picasso",4,4,0.0375,0.15,0.0381317138671875,0.0348389148712158,45
"binomial","tall",74001,"public_default","picasso",5,4,0.03825,0.153,0.0381317138671875,0.036344051361084,45
"binomial","tall",74001,"public_default","glmnet",5,3,0.0526666666666666,0.158,4.74150848388672,NA,45
"binomial","tall",74001,"public_default","glmnet",6,3,0.0529999999999999,0.159,4.74150848388672,NA,45
"binomial","tall",74001,"public_default","picasso",6,4,0.03675,0.147,0.0381317138671875,0.0334560871124268,45
"binomial","tall",74001,"public_default","picasso",7,4,0.03675,0.147,0.0381317138671875,0.0337769985198975,45
"binomial","tall",74001,"public_default","glmnet",7,3,0.0526666666666666,0.158,4.74150848388672,NA,45
"binomial","tall",74002,"public_default","picasso",1,4,0.03825,0.153,0.0389175415039062,0.0350780487060547,45
"binomial","tall",74002,"public_default","glmnet",1,3,0.0543333333333333,0.163,4.7423095703125,NA,45
"binomial","tall",74002,"public_default","glmnet",2,3,0.0536666666666667,0.161,4.7423095703125,NA,45
"binomial","tall",74002,"public_default","picasso",2,4,0.03875,0.155,0.0389175415039062,0.0376811027526855,45
"binomial","tall",74002,"public_default","picasso",3,4,0.0392500000000001,0.157,0.0389175415039062,0.0357940196990967,45
"binomial","tall",74002,"public_default","glmnet",3,3,0.0546666666666667,0.164,4.7423095703125,NA,45
"binomial","tall",74002,"public_default","glmnet",4,3,0.0546666666666667,0.164,4.7423095703125,NA,45
"binomial","tall",74002,"public_default","picasso",4,4,0.0385,0.154,0.0389175415039062,0.0357000827789307,45
"binomial","tall",74002,"public_default","picasso",5,4,0.0389999999999999,0.156,0.0389175415039062,0.0363571643829346,45
"binomial","tall",74002,"public_default","glmnet",5,3,0.0546666666666667,0.164,4.7423095703125,NA,45
"binomial","tall",74002,"public_default","glmnet",6,3,0.0543333333333333,0.163,4.7423095703125,NA,45
"binomial","tall",74002,"public_default","picasso",6,4,0.0377500000000001,0.151,0.0389175415039062,0.0355868339538574,45
"binomial","tall",74002,"public_default","picasso",7,4,0.03875,0.155,0.0389175415039062,0.0349891185760498,45
"binomial","tall",74002,"public_default","glmnet",7,3,0.0543333333333333,0.163,4.7423095703125,NA,45
"binomial","tall",74003,"public_default","picasso",1,4,0.03975,0.159,0.0380020141601562,0.0361409187316895,45
"binomial","tall",74003,"public_default","glmnet",1,3,0.0543333333333333,0.163,4.74139404296875,NA,45
"binomial","tall",74003,"public_default","glmnet",2,3,0.0533333333333334,0.16,4.74139404296875,NA,45
"binomial","tall",74003,"public_default","picasso",2,4,0.037,0.148,0.0380020141601562,0.0335919857025146,45
"binomial","tall",74003,"public_default","picasso",3,4,0.03625,0.145,0.0380020141601562,0.0340139865875244,45
"binomial","tall",74003,"public_default","glmnet",3,3,0.0530000000000001,0.159,4.74139404296875,NA,45
"binomial","tall",74003,"public_default","glmnet",4,3,0.0530000000000001,0.159,4.74139404296875,NA,45
"binomial","tall",74003,"public_default","picasso",4,4,0.0365000000000001,0.146,0.0380020141601562,0.0337791442871094,45
"binomial","tall",74003,"public_default","picasso",5,4,0.0395,0.158,0.0380020141601562,0.036733865737915,45
"binomial","tall",74003,"public_default","glmnet",5,3,0.0543333333333334,0.163,4.74139404296875,NA,45
"binomial","tall",74003,"public_default","glmnet",6,3,0.0536666666666667,0.161,4.74139404296875,NA,45
"binomial","tall",74003,"public_default","picasso",6,4,0.0365,0.146,0.0380020141601562,0.0339910984039307,45
"binomial","tall",74003,"public_default","picasso",7,4,0.0365000000000001,0.146,0.0380020141601562,0.0341379642486572,45
"binomial","tall",74003,"public_default","glmnet",7,3,0.0536666666666667,0.161,4.74139404296875,NA,45
"binomial","wide",74001,"public_default","picasso",1,2,0.0265,0.0529999999999999,0.097991943359375,0.0234999656677246,45
"binomial","wide",74001,"public_default","glmnet",1,4,0.04325,0.173,7.14223480224609,NA,45
"binomial","wide",74001,"public_default","glmnet",2,4,0.0415,0.166,7.14223480224609,NA,45
"binomial","wide",74001,"public_default","picasso",2,2,0.0255,0.0509999999999999,0.097991943359375,0.0231108665466309,45
"binomial","wide",74001,"public_default","picasso",3,2,0.0255000000000001,0.0510000000000002,0.097991943359375,0.0229649543762207,45
"binomial","wide",74001,"public_default","glmnet",3,4,0.0365000000000001,0.146,7.14223480224609,NA,45
"binomial","wide",74001,"public_default","glmnet",4,4,0.037,0.148,7.14223480224609,NA,45
"binomial","wide",74001,"public_default","picasso",4,2,0.0265,0.0529999999999999,0.097991943359375,0.0240519046783447,45
"binomial","wide",74001,"public_default","picasso",5,2,0.026,0.052,0.097991943359375,0.0232760906219482,45
"binomial","wide",74001,"public_default","glmnet",5,4,0.0367500000000001,0.147,7.14223480224609,NA,45
"binomial","wide",74001,"public_default","glmnet",6,4,0.037,0.148,7.14223480224609,NA,45
"binomial","wide",74001,"public_default","picasso",6,2,0.0270000000000001,0.0540000000000003,0.097991943359375,0.0250439643859863,45
"binomial","wide",74001,"public_default","picasso",7,2,0.026,0.052,0.097991943359375,0.0239129066467285,45
"binomial","wide",74001,"public_default","glmnet",7,4,0.03725,0.149,7.14223480224609,NA,45
"binomial","wide",74002,"public_default","picasso",1,2,0.0295,0.0589999999999999,0.103179931640625,0.0264379978179932,45
"binomial","wide",74002,"public_default","glmnet",1,3,0.04,0.12,7.14693450927734,NA,45
"binomial","wide",74002,"public_default","glmnet",2,3,0.0383333333333333,0.115,7.14693450927734,NA,45
"binomial","wide",74002,"public_default","picasso",2,2,0.027,0.054,0.103179931640625,0.0236899852752686,45
"binomial","wide",74002,"public_default","picasso",3,2,0.028,0.056,0.103179931640625,0.0257289409637451,45
"binomial","wide",74002,"public_default","glmnet",3,3,0.0386666666666667,0.116,7.14693450927734,NA,45
"binomial","wide",74002,"public_default","glmnet",4,3,0.0393333333333334,0.118,7.14693450927734,NA,45
"binomial","wide",74002,"public_default","picasso",4,2,0.0274999999999999,0.0549999999999997,0.103179931640625,0.0260071754455566,45
"binomial","wide",74002,"public_default","picasso",5,2,0.0274999999999999,0.0549999999999997,0.103179931640625,0.0241539478302002,45
"binomial","wide",74002,"public_default","glmnet",5,3,0.0393333333333333,0.118,7.14693450927734,NA,45
"binomial","wide",74002,"public_default","glmnet",6,3,0.038,0.114,7.14693450927734,NA,45
"binomial","wide",74002,"public_default","picasso",6,2,0.0275000000000001,0.0550000000000002,0.103179931640625,0.0241780281066895,45
"binomial","wide",74002,"public_default","picasso",7,2,0.0269999999999999,0.0539999999999998,0.103179931640625,0.0246119499206543,45
"binomial","wide",74002,"public_default","glmnet",7,3,0.0383333333333333,0.115,7.14693450927734,NA,45
"binomial","wide",74003,"public_default","picasso",1,2,0.032,0.0640000000000001,0.109779357910156,0.0284249782562256,45
"binomial","wide",74003,"public_default","glmnet",1,4,0.04175,0.167,7.15398406982422,NA,45
"binomial","wide",74003,"public_default","glmnet",2,4,0.039,0.156,7.15398406982422,NA,45
"binomial","wide",74003,"public_default","picasso",2,2,0.0279999999999999,0.0559999999999998,0.109779357910156,0.0260229110717773,45
"binomial","wide",74003,"public_default","picasso",3,2,0.028,0.056,0.109779357910156,0.0259029865264893,45
"binomial","wide",74003,"public_default","glmnet",3,4,0.039,0.156,7.15398406982422,NA,45
"binomial","wide",74003,"public_default","glmnet",4,4,0.039,0.156,7.15398406982422,NA,45
"binomial","wide",74003,"public_default","picasso",4,2,0.0285,0.0569999999999999,0.109779357910156,0.0263521671295166,45
"binomial","wide",74003,"public_default","picasso",5,2,0.0285,0.0569999999999999,0.109779357910156,0.0260651111602783,45
"binomial","wide",74003,"public_default","glmnet",5,4,0.0385,0.154,7.15398406982422,NA,45
"binomial","wide",74003,"public_default","glmnet",6,4,0.03975,0.159,7.15398406982422,NA,45
"binomial","wide",74003,"public_default","picasso",6,2,0.0285,0.0569999999999999,0.109779357910156,0.0261759757995605,45
"binomial","wide",74003,"public_default","picasso",7,2,0.0285,0.0569999999999999,0.109779357910156,0.0263011455535889,45
"binomial","wide",74003,"public_default","glmnet",7,4,0.0392499999999999,0.157,7.15398406982422,NA,45
"gaussian","tall",74001,"public_default","picasso",1,9,0.0158888888888889,0.143,0.0221405029296875,0.0143449306488037,45
"gaussian","tall",74001,"public_default","glmnet",1,8,0.00925000000000001,0.0740000000000001,4.74568176269531,NA,45
"gaussian","tall",74001,"public_default","glmnet",2,8,0.00924999999999998,0.0739999999999998,4.74568176269531,NA,45
"gaussian","tall",74001,"public_default","picasso",2,9,0.0173333333333333,0.156,0.0221405029296875,0.0172951221466064,45
"gaussian","tall",74001,"public_default","picasso",3,9,0.0166666666666667,0.15,0.0221405029296875,0.0170118808746338,45
"gaussian","tall",74001,"public_default","glmnet",3,8,0.010625,0.085,4.74568176269531,NA,45
"gaussian","tall",74001,"public_default","glmnet",4,8,0.00837500000000002,0.0670000000000002,4.74568176269531,NA,45
"gaussian","tall",74001,"public_default","picasso",4,9,0.0142222222222222,0.128,0.0221405029296875,0.015172004699707,45
"gaussian","tall",74001,"public_default","picasso",5,9,0.0153333333333334,0.138,0.0221405029296875,0.0147640705108643,45
"gaussian","tall",74001,"public_default","glmnet",5,8,0.00900000000000001,0.0720000000000001,4.74568176269531,NA,45
"gaussian","tall",74001,"public_default","glmnet",6,8,0.00900000000000001,0.0720000000000001,4.74568176269531,NA,45
"gaussian","tall",74001,"public_default","picasso",6,9,0.0155555555555556,0.14,0.0221405029296875,0.0146429538726807,45
"gaussian","tall",74001,"public_default","picasso",7,9,0.0154444444444444,0.139,0.0221405029296875,0.0149171352386475,45
"gaussian","tall",74001,"public_default","glmnet",7,8,0.00912499999999999,0.073,4.74568176269531,NA,45
"gaussian","tall",74001,"matched_naive","picasso",1,10,0.0154,0.154,0.0221405029296875,0.017603874206543,45
"gaussian","tall",74001,"matched_naive","glmnet",1,10,0.0172,0.172,4.74589538574219,NA,45
"gaussian","tall",74001,"matched_naive","glmnet",2,10,0.0173,0.173,4.74589538574219,NA,45
"gaussian","tall",74001,"matched_naive","picasso",2,10,0.0156,0.156,0.0221405029296875,0.0185389518737793,45
"gaussian","tall",74001,"matched_naive","picasso",3,10,0.0168,0.168,0.0221405029296875,0.0184171199798584,45
"gaussian","tall",74001,"matched_naive","glmnet",3,10,0.0180999999999999,0.180999999999999,4.74589538574219,NA,45
"gaussian","tall",74001,"matched_naive","glmnet",4,10,0.0173,0.173,4.74589538574219,NA,45
"gaussian","tall",74001,"matched_naive","picasso",4,10,0.0156000000000001,0.156000000000001,0.0221405029296875,0.0181539058685303,45
"gaussian","tall",74001,"matched_naive","picasso",5,10,0.0157,0.157,0.0221405029296875,0.0183548927307129,45
"gaussian","tall",74001,"matched_naive","glmnet",5,10,0.0175,0.175,4.74589538574219,NA,45
"gaussian","tall",74001,"matched_naive","glmnet",6,10,0.0167999999999999,0.167999999999999,4.74589538574219,NA,45
"gaussian","tall",74001,"matched_naive","picasso",6,10,0.016,0.16,0.0221405029296875,0.0179438591003418,45
"gaussian","tall",74001,"matched_naive","picasso",7,10,0.0173,0.173,0.0221405029296875,0.0218300819396973,45
"gaussian","tall",74001,"matched_naive","glmnet",7,10,0.0191,0.191,4.74589538574219,NA,45
"gaussian","tall",74001,"matched_covariance","picasso",1,9,0.0150000000000001,0.135000000000001,0.02215576171875,0.0131659507751465,45
"gaussian","tall",74001,"matched_covariance","glmnet",1,17,0.0098235294117647,0.167,4.74590301513672,NA,45
"gaussian","tall",74001,"matched_covariance","glmnet",2,17,0.01,0.17,4.74590301513672,NA,45
"gaussian","tall",74001,"matched_covariance","picasso",2,9,0.0137777777777778,0.124000000000001,0.02215576171875,0.012908935546875,45
"gaussian","tall",74001,"matched_covariance","picasso",3,9,0.0141111111111112,0.127000000000001,0.02215576171875,0.0143311023712158,45
"gaussian","tall",74001,"matched_covariance","glmnet",3,17,0.011235294117647,0.191,4.74590301513672,NA,45
"gaussian","tall",74001,"matched_covariance","glmnet",4,17,0.00864705882352943,0.147,4.74590301513672,NA,45
"gaussian","tall",74001,"matched_covariance","picasso",4,9,0.0113333333333334,0.102,0.02215576171875,0.0108189582824707,45
"gaussian","tall",74001,"matched_covariance","picasso",5,9,0.0108888888888888,0.097999999999999,0.02215576171875,0.0105600357055664,45
"gaussian","tall",74001,"matched_covariance","glmnet",5,17,0.00817647058823526,0.138999999999999,4.74590301513672,NA,45
"gaussian","tall",74001,"matched_covariance","glmnet",6,17,0.00782352941176465,0.132999999999999,4.74590301513672,NA,45
"gaussian","tall",74001,"matched_covariance","picasso",6,9,0.0112222222222221,0.100999999999999,0.02215576171875,0.0103800296783447,45
"gaussian","tall",74001,"matched_covariance","picasso",7,9,0.0122222222222224,0.110000000000001,0.02215576171875,0.0153021812438965,45
"gaussian","tall",74001,"matched_covariance","glmnet",7,17,0.00823529411764709,0.140000000000001,4.74590301513672,NA,45
"gaussian","tall",74002,"public_default","picasso",1,10,0.0143,0.143,0.021026611328125,0.0155301094055176,45
"gaussian","tall",74002,"public_default","glmnet",1,10,0.00780000000000001,0.0780000000000001,4.74459838867188,NA,45
"gaussian","tall",74002,"public_default","glmnet",2,10,0.00759999999999998,0.0759999999999998,4.74459838867188,NA,45
"gaussian","tall",74002,"public_default","picasso",2,10,0.014,0.14,0.021026611328125,0.0159389972686768,45
"gaussian","tall",74002,"public_default","picasso",3,10,0.0141,0.141,0.021026611328125,0.0172250270843506,45
"gaussian","tall",74002,"public_default","glmnet",3,10,0.00780000000000001,0.0780000000000001,4.74459838867188,NA,45
"gaussian","tall",74002,"public_default","glmnet",4,10,0.0077,0.077,4.74459838867188,NA,45
"gaussian","tall",74002,"public_default","picasso",4,10,0.0184,0.184,0.021026611328125,0.0153470039367676,45
"gaussian","tall",74002,"public_default","picasso",5,10,0.0138,0.138,0.021026611328125,0.0160250663757324,45
"gaussian","tall",74002,"public_default","glmnet",5,10,0.0077,0.077,4.74459838867188,NA,45
"gaussian","tall",74002,"public_default","glmnet",6,10,0.00789999999999997,0.0789999999999997,4.74459838867188,NA,45
"gaussian","tall",74002,"public_default","picasso",6,10,0.0138,0.138,0.021026611328125,0.0158569812774658,45
"gaussian","tall",74002,"public_default","picasso",7,10,0.0139,0.139,0.021026611328125,0.015894889831543,45
"gaussian","tall",74002,"public_default","glmnet",7,10,0.00750000000000002,0.0750000000000002,4.74459838867188,NA,45
"gaussian","tall",74002,"matched_naive","picasso",1,10,0.0138,0.138,0.021026611328125,0.0155260562896729,45
"gaussian","tall",74002,"matched_naive","glmnet",1,10,0.0163,0.163,4.74481201171875,NA,45
"gaussian","tall",74002,"matched_naive","glmnet",2,10,0.0165,0.165,4.74481201171875,NA,45
"gaussian","tall",74002,"matched_naive","picasso",2,10,0.0138,0.138,0.021026611328125,0.0155389308929443,45
"gaussian","tall",74002,"matched_naive","picasso",3,10,0.0139,0.139,0.021026611328125,0.0172040462493896,45
"gaussian","tall",74002,"matched_naive","glmnet",3,10,0.0162,0.162,4.74481201171875,NA,45
"gaussian","tall",74002,"matched_naive","glmnet",4,10,0.0164,0.164,4.74481201171875,NA,45
"gaussian","tall",74002,"matched_naive","picasso",4,10,0.0137,0.137,0.021026611328125,0.0152730941772461,45
"gaussian","tall",74002,"matched_naive","picasso",5,10,0.0137,0.137,0.021026611328125,0.0151209831237793,45
"gaussian","tall",74002,"matched_naive","glmnet",5,10,0.0164,0.164,4.74481201171875,NA,45
"gaussian","tall",74002,"matched_naive","glmnet",6,10,0.0162,0.162,4.74481201171875,NA,45
"gaussian","tall",74002,"matched_naive","picasso",6,10,0.0137,0.137,0.021026611328125,0.015470027923584,45
"gaussian","tall",74002,"matched_naive","picasso",7,10,0.014,0.14,0.021026611328125,0.0154190063476562,45
"gaussian","tall",74002,"matched_naive","glmnet",7,10,0.0167,0.167,4.74481201171875,NA,45
"gaussian","tall",74002,"matched_covariance","picasso",1,12,0.012,0.144,0.0210418701171875,0.0109009742736816,45
"gaussian","tall",74002,"matched_covariance","glmnet",1,19,0.0084736842105263,0.161,4.74481964111328,NA,45
"gaussian","tall",74002,"matched_covariance","glmnet",2,19,0.00852631578947368,0.162,4.74481964111328,NA,45
"gaussian","tall",74002,"matched_covariance","picasso",2,12,0.0123333333333334,0.148000000000001,0.0210418701171875,0.0115821361541748,45
"gaussian","tall",74002,"matched_covariance","picasso",3,12,0.0120833333333334,0.145,0.0210418701171875,0.0112080574035645,45
"gaussian","tall",74002,"matched_covariance","glmnet",3,19,0.00836842105263157,0.159,4.74481964111328,NA,45
"gaussian","tall",74002,"matched_covariance","glmnet",4,19,0.00836842105263157,0.159,4.74481964111328,NA,45
"gaussian","tall",74002,"matched_covariance","picasso",4,12,0.01175,0.141,0.0210418701171875,0.0114459991455078,45
"gaussian","tall",74002,"matched_covariance","picasso",5,12,0.01175,0.141,0.0210418701171875,0.0108959674835205,45
"gaussian","tall",74002,"matched_covariance","glmnet",5,19,0.00836842105263157,0.159,4.74481964111328,NA,45
"gaussian","tall",74002,"matched_covariance","glmnet",6,19,0.00831578947368428,0.158000000000001,4.74481964111328,NA,45
"gaussian","tall",74002,"matched_covariance","picasso",6,12,0.0118333333333333,0.141999999999999,0.0210418701171875,0.0114579200744629,45
"gaussian","tall",74002,"matched_covariance","picasso",7,12,0.01175,0.141,0.0210418701171875,0.011185884475708,45
"gaussian","tall",74002,"matched_covariance","glmnet",7,19,0.0112105263157894,0.212999999999999,4.74481964111328,NA,45
"gaussian","tall",74003,"public_default","picasso",1,9,0.0145555555555555,0.131,0.0219879150390625,0.0138070583343506,45
"gaussian","tall",74003,"public_default","glmnet",1,9,0.00866666666666667,0.0780000000000001,4.74554443359375,NA,45
"gaussian","tall",74003,"public_default","glmnet",2,9,0.0082222222222222,0.0739999999999998,4.74554443359375,NA,45
"gaussian","tall",74003,"public_default","picasso",2,9,0.0146666666666667,0.132,0.0219879150390625,0.0139851570129395,45
"gaussian","tall",74003,"public_default","picasso",3,9,0.0148888888888889,0.134,0.0219879150390625,0.0159928798675537,45
"gaussian","tall",74003,"public_default","glmnet",3,9,0.00944444444444444,0.085,4.74554443359375,NA,45
"gaussian","tall",74003,"public_default","glmnet",4,9,0.00944444444444444,0.085,4.74554443359375,NA,45
"gaussian","tall",74003,"public_default","picasso",4,9,0.0151111111111111,0.136,0.0219879150390625,0.0146019458770752,45
"gaussian","tall",74003,"public_default","picasso",5,9,0.0146666666666666,0.132,0.0219879150390625,0.0138061046600342,45
"gaussian","tall",74003,"public_default","glmnet",5,9,0.0142222222222222,0.128,4.74554443359375,NA,45
"gaussian","tall",74003,"public_default","glmnet",6,9,0.00844444444444445,0.0760000000000001,4.74554443359375,NA,45
"gaussian","tall",74003,"public_default","picasso",6,9,0.0142222222222222,0.128,0.0219879150390625,0.0142350196838379,45
"gaussian","tall",74003,"public_default","picasso",7,9,0.0164444444444444,0.148,0.0219879150390625,0.0165438652038574,45
"gaussian","tall",74003,"public_default","glmnet",7,9,0.00833333333333335,0.0750000000000002,4.74554443359375,NA,45
"gaussian","tall",74003,"matched_naive","picasso",1,12,0.0146666666666667,0.176,0.0219879150390625,0.0142970085144043,45
"gaussian","tall",74003,"matched_naive","glmnet",1,8,0.017375,0.139,4.74575805664062,NA,45
"gaussian","tall",74003,"matched_naive","glmnet",2,8,0.01725,0.138,4.74575805664062,NA,45
"gaussian","tall",74003,"matched_naive","picasso",2,12,0.0145,0.174,0.0219879150390625,0.0136098861694336,45
"gaussian","tall",74003,"matched_naive","picasso",3,12,0.0144166666666667,0.173,0.0219879150390625,0.0135838985443115,45
"gaussian","tall",74003,"matched_naive","glmnet",3,8,0.01725,0.138,4.74575805664062,NA,45
"gaussian","tall",74003,"matched_naive","glmnet",4,8,0.017375,0.139,4.74575805664062,NA,45
"gaussian","tall",74003,"matched_naive","picasso",4,12,0.0144166666666666,0.172999999999999,0.0219879150390625,0.0139031410217285,45
"gaussian","tall",74003,"matched_naive","picasso",5,12,0.01425,0.171,0.0219879150390625,0.0138750076293945,45
"gaussian","tall",74003,"matched_naive","glmnet",5,8,0.01725,0.138,4.74575805664062,NA,45
"gaussian","tall",74003,"matched_naive","glmnet",6,8,0.018,0.144,4.74575805664062,NA,45
"gaussian","tall",74003,"matched_naive","picasso",6,12,0.0143333333333333,0.172,0.0219879150390625,0.0136880874633789,45
"gaussian","tall",74003,"matched_naive","picasso",7,12,0.01425,0.170999999999999,0.0219879150390625,0.0133600234985352,45
"gaussian","tall",74003,"matched_naive","glmnet",7,8,0.0175,0.14,4.74575805664062,NA,45
"gaussian","tall",74003,"matched_covariance","picasso",1,16,0.011375,0.182,0.022003173828125,0.0102691650390625,45
"gaussian","tall",74003,"matched_covariance","glmnet",1,19,0.00821052631578946,0.156,4.74576568603516,NA,45
"gaussian","tall",74003,"matched_covariance","glmnet",2,19,0.00826315789473684,0.157,4.74576568603516,NA,45
"gaussian","tall",74003,"matched_covariance","picasso",2,16,0.0120625,0.193,0.022003173828125,0.0120401382446289,45
"gaussian","tall",74003,"matched_covariance","picasso",3,16,0.0121875,0.195,0.022003173828125,0.0104320049285889,45
"gaussian","tall",74003,"matched_covariance","glmnet",3,19,0.00815789473684207,0.154999999999999,4.74576568603516,NA,45
"gaussian","tall",74003,"matched_covariance","glmnet",4,19,0.00836842105263162,0.159000000000001,4.74576568603516,NA,45
"gaussian","tall",74003,"matched_covariance","picasso",4,16,0.0114375,0.183,0.022003173828125,0.0108771324157715,45
"gaussian","tall",74003,"matched_covariance","picasso",5,16,0.0134375,0.215,0.022003173828125,0.0119209289550781,45
"gaussian","tall",74003,"matched_covariance","glmnet",5,19,0.00826315789473684,0.157,4.74576568603516,NA,45
"gaussian","tall",74003,"matched_covariance","glmnet",6,19,0.00815789473684216,0.155000000000001,4.74576568603516,NA,45
"gaussian","tall",74003,"matched_covariance","picasso",6,16,0.0118125,0.189,0.022003173828125,0.0114188194274902,45
"gaussian","tall",74003,"matched_covariance","picasso",7,16,0.011375,0.182,0.022003173828125,0.0102930068969727,45
"gaussian","tall",74003,"matched_covariance","glmnet",7,19,0.0108947368421053,0.207000000000001,4.74576568603516,NA,45
"gaussian","wide",74001,"public_default","picasso",1,6,0.0265,0.159,0.100540161132812,0.0257399082183838,45
"gaussian","wide",74001,"public_default","glmnet",1,5,0.0244,0.122,7.15138244628906,NA,45
"gaussian","wide",74001,"public_default","glmnet",2,5,0.0242,0.121,7.15138244628906,NA,45
"gaussian","wide",74001,"public_default","picasso",2,6,0.0261666666666667,0.157,0.100540161132812,0.0252580642700195,45
"gaussian","wide",74001,"public_default","picasso",3,6,0.0263333333333333,0.158,0.100540161132812,0.0265591144561768,45
"gaussian","wide",74001,"public_default","glmnet",3,5,0.0238,0.119,7.15138244628906,NA,45
"gaussian","wide",74001,"public_default","glmnet",4,5,0.0238,0.119,7.15138244628906,NA,45
"gaussian","wide",74001,"public_default","picasso",4,6,0.028,0.168,0.100540161132812,0.0297119617462158,45
"gaussian","wide",74001,"public_default","picasso",5,6,0.027,0.162,0.100540161132812,0.025554895401001,45
"gaussian","wide",74001,"public_default","glmnet",5,5,0.0239999999999999,0.12,7.15138244628906,NA,45
"gaussian","wide",74001,"public_default","glmnet",6,5,0.0242,0.121,7.15138244628906,NA,45
"gaussian","wide",74001,"public_default","picasso",6,6,0.0258333333333334,0.155,0.100540161132812,0.026209831237793,45
"gaussian","wide",74001,"public_default","picasso",7,6,0.0263333333333333,0.158,0.100540161132812,0.0260899066925049,45
"gaussian","wide",74001,"public_default","glmnet",7,5,0.0238,0.119,7.15138244628906,NA,45
"gaussian","wide",74002,"public_default","picasso",1,6,0.0256666666666667,0.154,0.104400634765625,0.0256221294403076,45
"gaussian","wide",74002,"public_default","glmnet",1,5,0.0248,0.124,7.15464019775391,NA,45
"gaussian","wide",74002,"public_default","glmnet",2,5,0.024,0.12,7.15464019775391,NA,45
"gaussian","wide",74002,"public_default","picasso",2,6,0.0255,0.153,0.104400634765625,0.0254549980163574,45
"gaussian","wide",74002,"public_default","picasso",3,6,0.0255,0.153,0.104400634765625,0.0252070426940918,45
"gaussian","wide",74002,"public_default","glmnet",3,5,0.0239999999999999,0.12,7.15464019775391,NA,45
"gaussian","wide",74002,"public_default","glmnet",4,5,0.024,0.12,7.15464019775391,NA,45
"gaussian","wide",74002,"public_default","picasso",4,6,0.0255,0.153,0.104400634765625,0.025068998336792,45
"gaussian","wide",74002,"public_default","picasso",5,6,0.0255,0.153,0.104400634765625,0.0250720977783203,45
"gaussian","wide",74002,"public_default","glmnet",5,5,0.024,0.12,7.15464019775391,NA,45
"gaussian","wide",74002,"public_default","glmnet",6,5,0.024,0.12,7.15464019775391,NA,45
"gaussian","wide",74002,"public_default","picasso",6,6,0.0251666666666666,0.151,0.104400634765625,0.0247139930725098,45
"gaussian","wide",74002,"public_default","picasso",7,6,0.026,0.156,0.104400634765625,0.0265247821807861,45
"gaussian","wide",74002,"public_default","glmnet",7,5,0.0255999999999999,0.128,7.15464019775391,NA,45
"gaussian","wide",74003,"public_default","picasso",1,6,0.0255,0.153,0.092132568359375,0.0253918170928955,45
"gaussian","wide",74003,"public_default","glmnet",1,5,0.0242,0.121,7.14237213134766,NA,45
"gaussian","wide",74003,"public_default","glmnet",2,5,0.0232,0.116,7.14237213134766,NA,45
"gaussian","wide",74003,"public_default","picasso",2,6,0.0243333333333334,0.146,0.092132568359375,0.0239698886871338,45
"gaussian","wide",74003,"public_default","picasso",3,6,0.0243333333333333,0.146,0.092132568359375,0.0243258476257324,45
"gaussian","wide",74003,"public_default","glmnet",3,5,0.0226,0.113,7.14237213134766,NA,45
"gaussian","wide",74003,"public_default","glmnet",4,5,0.0234,0.117,7.14237213134766,NA,45
"gaussian","wide",74003,"public_default","picasso",4,6,0.0245,0.147,0.092132568359375,0.0250089168548584,45
"gaussian","wide",74003,"public_default","picasso",5,6,0.025,0.15,0.092132568359375,0.0240478515625,45
"gaussian","wide",74003,"public_default","glmnet",5,5,0.0234,0.117,7.14237213134766,NA,45
"gaussian","wide",74003,"public_default","glmnet",6,5,0.0232,0.116,7.14237213134766,NA,45
"gaussian","wide",74003,"public_default","picasso",6,6,0.0243333333333333,0.146,0.092132568359375,0.024226188659668,45
"gaussian","wide",74003,"public_default","picasso",7,6,0.0245,0.147,0.092132568359375,0.0246949195861816,45
"gaussian","wide",74003,"public_default","glmnet",7,5,0.0238,0.119,7.14237213134766,NA,45
"multinomial","tall",74001,"public_default","picasso",1,1,0.158,0.158,0.0845108032226562,0.155572175979614,45
"multinomial","tall",74001,"public_default","glmnet",1,1,0.153,0.153,4.82292175292969,NA,45
"multinomial","tall",74001,"public_default","glmnet",2,1,0.154,0.154,4.82292175292969,NA,45
"multinomial","tall",74001,"public_default","picasso",2,1,0.164,0.164,0.0845108032226562,0.161995887756348,45
"multinomial","tall",74001,"public_default","picasso",3,1,0.158,0.158,0.0845108032226562,0.155606985092163,45
"multinomial","tall",74001,"public_default","glmnet",3,1,0.154,0.154,4.82292175292969,NA,45
"multinomial","tall",74001,"public_default","glmnet",4,1,0.153,0.153,4.82292175292969,NA,45
"multinomial","tall",74001,"public_default","picasso",4,1,0.164,0.164,0.0845108032226562,0.161942005157471,45
"multinomial","tall",74001,"public_default","picasso",5,1,0.158,0.158,0.0845108032226562,0.155506134033203,45
"multinomial","tall",74001,"public_default","glmnet",5,1,0.149,0.149,4.82292175292969,NA,45
"multinomial","tall",74001,"public_default","glmnet",6,1,0.149,0.149,4.82292175292969,NA,45
"multinomial","tall",74001,"public_default","picasso",6,1,0.164,0.164,0.0845108032226562,0.161426067352295,45
"multinomial","tall",74001,"public_default","picasso",7,1,0.158,0.158,0.0845108032226562,0.155391931533813,45
"multinomial","tall",74001,"public_default","glmnet",7,1,0.149,0.149,4.82292175292969,NA,45
"multinomial","tall",74002,"public_default","picasso",1,1,0.152,0.152,0.0800552368164062,0.150170803070068,45
"multinomial","tall",74002,"public_default","glmnet",1,1,0.145,0.145,4.81845092773438,NA,45
"multinomial","tall",74002,"public_default","glmnet",2,1,0.145,0.145,4.81845092773438,NA,45
"multinomial","tall",74002,"public_default","picasso",2,1,0.157,0.157,0.0800552368164062,0.154154062271118,45
"multinomial","tall",74002,"public_default","picasso",3,1,0.157,0.157,0.0800552368164062,0.154113054275513,45
"multinomial","tall",74002,"public_default","glmnet",3,1,0.148,0.148,4.81845092773438,NA,45
"multinomial","tall",74002,"public_default","glmnet",4,1,0.147,0.147,4.81845092773438,NA,45
"multinomial","tall",74002,"public_default","picasso",4,1,0.155,0.155,0.0800552368164062,0.152926921844482,45
"multinomial","tall",74002,"public_default","picasso",5,1,0.152,0.152,0.0800552368164062,0.150132894515991,45
"multinomial","tall",74002,"public_default","glmnet",5,1,0.145,0.145,4.81845092773438,NA,45
"multinomial","tall",74002,"public_default","glmnet",6,1,0.146,0.146,4.81845092773438,NA,45
"multinomial","tall",74002,"public_default","picasso",6,1,0.154,0.154,0.0800552368164062,0.152110815048218,45
"multinomial","tall",74002,"public_default","picasso",7,1,0.156,0.156,0.0800552368164062,0.15419602394104,45
"multinomial","tall",74002,"public_default","glmnet",7,1,0.148,0.148,4.81845092773438,NA,45
"multinomial","tall",74003,"public_default","picasso",1,2,0.14,0.28,0.0694961547851562,0.138020038604736,45
"multinomial","tall",74003,"public_default","glmnet",1,2,0.1345,0.269,4.80792999267578,NA,45
"multinomial","tall",74003,"public_default","glmnet",2,2,0.134,0.268,4.80792999267578,NA,45
"multinomial","tall",74003,"public_default","picasso",2,2,0.1405,0.281,0.0694961547851562,0.136712074279785,45
"multinomial","tall",74003,"public_default","picasso",3,2,0.143,0.286,0.0694961547851562,0.142821073532104,45
"multinomial","tall",74003,"public_default","glmnet",3,2,0.132,0.264,4.80792999267578,NA,45
"multinomial","tall",74003,"public_default","glmnet",4,2,0.134,0.268,4.80792999267578,NA,45
"multinomial","tall",74003,"public_default","picasso",4,2,0.14,0.28,0.0694961547851562,0.137187004089355,45
"multinomial","tall",74003,"public_default","picasso",5,2,0.1405,0.281,0.0694961547851562,0.137753963470459,45
"multinomial","tall",74003,"public_default","glmnet",5,2,0.131,0.262,4.80792999267578,NA,45
"multinomial","tall",74003,"public_default","glmnet",6,2,0.1345,0.269,4.80792999267578,NA,45
"multinomial","tall",74003,"public_default","picasso",6,2,0.1425,0.285,0.0694961547851562,0.140034914016724,45
"multinomial","tall",74003,"public_default","picasso",7,2,0.147,0.294,0.0694961547851562,0.144232034683228,45
"multinomial","tall",74003,"public_default","glmnet",7,2,0.1335,0.266999999999999,4.80792999267578,NA,45
"multinomial","wide",74001,"public_default","picasso",1,2,0.1305,0.261,0.183479309082031,0.125994920730591,45
"multinomial","wide",74001,"public_default","glmnet",1,1,0.154,0.154,7.64413452148438,NA,45
"multinomial","wide",74001,"public_default","glmnet",2,1,0.153,0.153,7.64413452148438,NA,45
"multinomial","wide",74001,"public_default","picasso",2,2,0.129,0.258,0.183479309082031,0.121509075164795,45
"multinomial","wide",74001,"public_default","picasso",3,2,0.1305,0.261,0.183479309082031,0.125927209854126,45
"multinomial","wide",74001,"public_default","glmnet",3,1,0.153,0.153,7.64413452148438,NA,45
"multinomial","wide",74001,"public_default","glmnet",4,1,0.153,0.153,7.64413452148438,NA,45
"multinomial","wide",74001,"public_default","picasso",4,2,0.131,0.262,0.183479309082031,0.124290943145752,45
"multinomial","wide",74001,"public_default","picasso",5,2,0.127,0.254,0.183479309082031,0.121351957321167,45
"multinomial","wide",74001,"public_default","glmnet",5,1,0.153,0.153,7.64413452148438,NA,45
"multinomial","wide",74001,"public_default","glmnet",6,1,0.153,0.153,7.64413452148438,NA,45
"multinomial","wide",74001,"public_default","picasso",6,2,0.1315,0.263,0.183479309082031,0.125396013259888,45
"multinomial","wide",74001,"public_default","picasso",7,2,0.1295,0.258999999999999,0.183479309082031,0.125926971435547,45
"multinomial","wide",74001,"public_default","glmnet",7,1,0.153,0.153,7.64413452148438,NA,45
"multinomial","wide",74002,"public_default","picasso",1,2,0.1335,0.267,0.166152954101562,0.132390975952148,45
"multinomial","wide",74002,"public_default","glmnet",1,1,0.142,0.142,7.62725067138672,NA,45
"multinomial","wide",74002,"public_default","glmnet",2,1,0.142,0.142,7.62725067138672,NA,45
"multinomial","wide",74002,"public_default","picasso",2,2,0.1325,0.265,0.166152954101562,0.130676031112671,45
"multinomial","wide",74002,"public_default","picasso",3,2,0.134,0.268,0.166152954101562,0.126681089401245,45
"multinomial","wide",74002,"public_default","glmnet",3,1,0.141,0.141,7.62725067138672,NA,45
"multinomial","wide",74002,"public_default","glmnet",4,1,0.141,0.141,7.62725067138672,NA,45
"multinomial","wide",74002,"public_default","picasso",4,2,0.139,0.278,0.166152954101562,0.144690036773682,45
"multinomial","wide",74002,"public_default","picasso",5,2,0.1295,0.259,0.166152954101562,0.124269962310791,45
"multinomial","wide",74002,"public_default","glmnet",5,1,0.141,0.141,7.62725067138672,NA,45
"multinomial","wide",74002,"public_default","glmnet",6,1,0.143,0.143,7.62725067138672,NA,45
"multinomial","wide",74002,"public_default","picasso",6,2,0.132,0.264,0.166152954101562,0.124969005584717,45
"multinomial","wide",74002,"public_default","picasso",7,2,0.1325,0.265000000000001,0.166152954101562,0.123400926589966,45
"multinomial","wide",74002,"public_default","glmnet",7,1,0.141,0.141,7.62725067138672,NA,45
"multinomial","wide",74003,"public_default","picasso",1,2,0.135,0.27,0.193580627441406,0.130429983139038,45
"multinomial","wide",74003,"public_default","glmnet",1,1,0.165,0.165,7.65419006347656,NA,45
"multinomial","wide",74003,"public_default","glmnet",2,1,0.16,0.16,7.65419006347656,NA,45
"multinomial","wide",74003,"public_default","picasso",2,2,0.137,0.274,0.193580627441406,0.133723974227905,45
"multinomial","wide",74003,"public_default","picasso",3,2,0.1385,0.277,0.193580627441406,0.130389213562012,45
"multinomial","wide",74003,"public_default","glmnet",3,1,0.161,0.161,7.65419006347656,NA,45
"multinomial","wide",74003,"public_default","glmnet",4,1,0.16,0.16,7.65419006347656,NA,45
"multinomial","wide",74003,"public_default","picasso",4,2,0.141,0.282,0.193580627441406,0.131464004516602,45
"multinomial","wide",74003,"public_default","picasso",5,2,0.1555,0.311,0.193580627441406,0.143973112106323,45
"multinomial","wide",74003,"public_default","glmnet",5,1,0.159,0.159,7.65419006347656,NA,45
"multinomial","wide",74003,"public_default","glmnet",6,1,0.159,0.159,7.65419006347656,NA,45
"multinomial","wide",74003,"public_default","picasso",6,2,0.1365,0.273000000000001,0.193580627441406,0.131165027618408,45
"multinomial","wide",74003,"public_default","picasso",7,2,0.145,0.29,0.193580627441406,0.14354395866394,45
"multinomial","wide",74003,"public_default","glmnet",7,1,0.163,0.163,7.65419006347656,NA,45
"poisson","tall",74001,"public_default","picasso",1,6,0.0258333333333333,0.155,0.0363998413085938,0.0250589847564697,45
"poisson","tall",74001,"public_default","glmnet",1,3,0.0333333333333333,0.0999999999999999,4.73910522460938,NA,45
"poisson","tall",74001,"public_default","glmnet",2,3,0.0346666666666667,0.104,4.73910522460938,NA,45
"poisson","tall",74001,"public_default","picasso",2,6,0.0276666666666667,0.166,0.0363998413085938,0.030005931854248,45
"poisson","tall",74001,"public_default","picasso",3,6,0.0275,0.165,0.0363998413085938,0.0296440124511719,45
"poisson","tall",74001,"public_default","glmnet",3,3,0.033,0.099,4.73910522460938,NA,45
"poisson","tall",74001,"public_default","glmnet",4,3,0.0323333333333333,0.097,4.73910522460938,NA,45
"poisson","tall",74001,"public_default","picasso",4,6,0.026,0.156,0.0363998413085938,0.0272500514984131,45
"poisson","tall",74001,"public_default","picasso",5,6,0.0255,0.153,0.0363998413085938,0.0252881050109863,45
"poisson","tall",74001,"public_default","glmnet",5,3,0.0346666666666665,0.104,4.73910522460938,NA,45
"poisson","tall",74001,"public_default","glmnet",6,3,0.0343333333333333,0.103,4.73910522460938,NA,45
"poisson","tall",74001,"public_default","picasso",6,6,0.026,0.156,0.0363998413085938,0.0258150100708008,45
"poisson","tall",74001,"public_default","picasso",7,6,0.0258333333333334,0.155,0.0363998413085938,0.0251460075378418,45
"poisson","tall",74001,"public_default","glmnet",7,3,0.0323333333333333,0.097,4.73910522460938,NA,45
"poisson","tall",74002,"public_default","picasso",1,5,0.0256,0.128,0.0329971313476562,0.022819995880127,45
"poisson","tall",74002,"public_default","glmnet",1,3,0.0316666666666667,0.095,4.73569488525391,NA,45
"poisson","tall",74002,"public_default","glmnet",2,3,0.0313333333333333,0.0939999999999999,4.73569488525391,NA,45
"poisson","tall",74002,"public_default","picasso",2,5,0.0262,0.131,0.0329971313476562,0.023341178894043,45
"poisson","tall",74002,"public_default","picasso",3,5,0.0256,0.128,0.0329971313476562,0.0233790874481201,45
"poisson","tall",74002,"public_default","glmnet",3,3,0.032,0.0960000000000001,4.73569488525391,NA,45
"poisson","tall",74002,"public_default","glmnet",4,3,0.0313333333333334,0.0940000000000003,4.73569488525391,NA,45
"poisson","tall",74002,"public_default","picasso",4,5,0.0258,0.129,0.0329971313476562,0.0244219303131104,45
"poisson","tall",74002,"public_default","picasso",5,5,0.026,0.13,0.0329971313476562,0.0243620872497559,45
"poisson","tall",74002,"public_default","glmnet",5,3,0.0353333333333333,0.106,4.73569488525391,NA,45
"poisson","tall",74002,"public_default","glmnet",6,3,0.0329999999999999,0.0989999999999998,4.73569488525391,NA,45
"poisson","tall",74002,"public_default","picasso",6,5,0.0262,0.131,0.0329971313476562,0.0246191024780273,45
"poisson","tall",74002,"public_default","picasso",7,5,0.0258,0.129,0.0329971313476562,0.0233380794525146,45
"poisson","tall",74002,"public_default","glmnet",7,3,0.0313333333333333,0.0939999999999999,4.73569488525391,NA,45
"poisson","tall",74003,"public_default","picasso",1,5,0.0258,0.129,0.0346603393554688,0.0232110023498535,45
"poisson","tall",74003,"public_default","glmnet",1,3,0.0323333333333333,0.097,4.73735046386719,NA,45
"poisson","tall",74003,"public_default","glmnet",2,3,0.0366666666666666,0.11,4.73735046386719,NA,45
"poisson","tall",74003,"public_default","picasso",2,5,0.0264,0.132,0.0346603393554688,0.0234880447387695,45
"poisson","tall",74003,"public_default","picasso",3,5,0.026,0.13,0.0346603393554688,0.0232830047607422,45
"poisson","tall",74003,"public_default","glmnet",3,3,0.0313333333333333,0.0939999999999999,4.73735046386719,NA,45
"poisson","tall",74003,"public_default","glmnet",4,3,0.0316666666666667,0.0950000000000002,4.73735046386719,NA,45
"poisson","tall",74003,"public_default","picasso",4,5,0.026,0.13,0.0346603393554688,0.0232760906219482,45
"poisson","tall",74003,"public_default","picasso",5,5,0.0258,0.129,0.0346603393554688,0.0234560966491699,45
"poisson","tall",74003,"public_default","glmnet",5,3,0.0313333333333334,0.0940000000000003,4.73735046386719,NA,45
"poisson","tall",74003,"public_default","glmnet",6,3,0.0306666666666667,0.0920000000000001,4.73735046386719,NA,45
"poisson","tall",74003,"public_default","picasso",6,5,0.026,0.13,0.0346603393554688,0.0233840942382812,45
"poisson","tall",74003,"public_default","picasso",7,5,0.0258,0.129,0.0346603393554688,0.0238940715789795,45
"poisson","tall",74003,"public_default","glmnet",7,3,0.0313333333333333,0.0939999999999999,4.73735046386719,NA,45
"poisson","wide",74001,"public_default","picasso",1,3,0.0596666666666667,0.179,0.107696533203125,0.0589361190795898,45
"poisson","wide",74001,"public_default","glmnet",1,3,0.058,0.174,7.15146636962891,NA,45
"poisson","wide",74001,"public_default","glmnet",2,3,0.0573333333333333,0.172,7.15146636962891,NA,45
"poisson","wide",74001,"public_default","picasso",2,3,0.0633333333333333,0.19,0.107696533203125,0.0619440078735352,45
"poisson","wide",74001,"public_default","picasso",3,3,0.0653333333333334,0.196,0.107696533203125,0.062816858291626,45
"poisson","wide",74001,"public_default","glmnet",3,3,0.0566666666666666,0.17,7.15146636962891,NA,45
"poisson","wide",74001,"public_default","glmnet",4,3,0.0576666666666667,0.173,7.15146636962891,NA,45
"poisson","wide",74001,"public_default","picasso",4,3,0.0593333333333333,0.178,0.107696533203125,0.0584249496459961,45
"poisson","wide",74001,"public_default","picasso",5,3,0.059,0.177,0.107696533203125,0.0566298961639404,45
"poisson","wide",74001,"public_default","glmnet",5,3,0.0576666666666667,0.173,7.15146636962891,NA,45
"poisson","wide",74001,"public_default","glmnet",6,3,0.0573333333333332,0.172,7.15146636962891,NA,45
"poisson","wide",74001,"public_default","picasso",6,3,0.0590000000000002,0.177,0.107696533203125,0.0560450553894043,45
"poisson","wide",74001,"public_default","picasso",7,3,0.0593333333333333,0.178,0.107696533203125,0.0562129020690918,45
"poisson","wide",74001,"public_default","glmnet",7,3,0.0676666666666668,0.203,7.15146636962891,NA,45
"poisson","wide",74002,"public_default","picasso",1,3,0.062,0.186,0.107887268066406,0.0600409507751465,45
"poisson","wide",74002,"public_default","glmnet",1,3,0.0576666666666667,0.173,7.15177917480469,NA,45
"poisson","wide",74002,"public_default","glmnet",2,3,0.0569999999999999,0.171,7.15177917480469,NA,45
"poisson","wide",74002,"public_default","picasso",2,3,0.06,0.18,0.107887268066406,0.0575270652770996,45
"poisson","wide",74002,"public_default","picasso",3,3,0.0623333333333334,0.187,0.107887268066406,0.0645630359649658,45
"poisson","wide",74002,"public_default","glmnet",3,3,0.0616666666666665,0.185,7.15177917480469,NA,45
"poisson","wide",74002,"public_default","glmnet",4,3,0.0569999999999999,0.171,7.15177917480469,NA,45
"poisson","wide",74002,"public_default","picasso",4,3,0.0609999999999999,0.183,0.107887268066406,0.0575828552246094,45
"poisson","wide",74002,"public_default","picasso",5,3,0.06,0.18,0.107887268066406,0.0568039417266846,45
"poisson","wide",74002,"public_default","glmnet",5,3,0.0603333333333333,0.181,7.15177917480469,NA,45
"poisson","wide",74002,"public_default","glmnet",6,3,0.0583333333333334,0.175,7.15177917480469,NA,45
"poisson","wide",74002,"public_default","picasso",6,3,0.0593333333333333,0.178,0.107887268066406,0.056981086730957,45
"poisson","wide",74002,"public_default","picasso",7,3,0.0599999999999999,0.18,0.107887268066406,0.0580439567565918,45
"poisson","wide",74002,"public_default","glmnet",7,3,0.0570000000000001,0.171,7.15177917480469,NA,45
"poisson","wide",74003,"public_default","picasso",1,3,0.056,0.168,0.106765747070312,0.0547959804534912,45
"poisson","wide",74003,"public_default","glmnet",1,3,0.057,0.171,7.15006256103516,NA,45
"poisson","wide",74003,"public_default","glmnet",2,3,0.0606666666666666,0.182,7.15006256103516,NA,45
"poisson","wide",74003,"public_default","picasso",2,3,0.0653333333333332,0.196,0.106765747070312,0.0604350566864014,45
"poisson","wide",74003,"public_default","picasso",3,3,0.0536666666666667,0.161,0.106765747070312,0.0493249893188477,45
"poisson","wide",74003,"public_default","glmnet",3,3,0.0559999999999999,0.168,7.15006256103516,NA,45
"poisson","wide",74003,"public_default","glmnet",4,3,0.059,0.177,7.15006256103516,NA,45
"poisson","wide",74003,"public_default","picasso",4,3,0.0546666666666667,0.164,0.106765747070312,0.0521581172943115,45
"poisson","wide",74003,"public_default","picasso",5,3,0.0543333333333334,0.163,0.106765747070312,0.0521459579467773,45
"poisson","wide",74003,"public_default","glmnet",5,3,0.0546666666666666,0.164,7.15006256103516,NA,45
"poisson","wide",74003,"public_default","glmnet",6,3,0.0546666666666667,0.164,7.15006256103516,NA,45
"poisson","wide",74003,"public_default","picasso",6,3,0.0536666666666665,0.161,0.106765747070312,0.0519449710845947,45
"poisson","wide",74003,"public_default","picasso",7,3,0.0543333333333334,0.163,0.106765747070312,0.051192045211792,45
"poisson","wide",74003,"public_default","glmnet",7,3,0.0546666666666666,0.164,7.15006256103516,NA,45
"sqrtlasso","tall",74001,"public_default","picasso",1,5,0.02,0.0999999999999999,0.0208206176757812,0.0177710056304932,45
"sqrtlasso","tall",74001,"public_default","picasso",2,5,0.0202,0.101,0.0208206176757812,0.0178968906402588,45
"sqrtlasso","tall",74001,"public_default","picasso",3,5,0.0202,0.101,0.0208206176757812,0.0185880661010742,45
"sqrtlasso","tall",74001,"public_default","picasso",4,5,0.02,0.1,0.0208206176757812,0.0177359580993652,45
"sqrtlasso","tall",74001,"public_default","picasso",5,5,0.0198,0.099,0.0208206176757812,0.0180239677429199,45
"sqrtlasso","tall",74001,"public_default","picasso",6,5,0.0202,0.101,0.0208206176757812,0.0180850028991699,45
"sqrtlasso","tall",74001,"public_default","picasso",7,5,0.0204,0.102,0.0208206176757812,0.0176270008087158,45
"sqrtlasso","tall",74002,"public_default","picasso",1,5,0.0192,0.096,0.0193939208984375,0.0183568000793457,45
"sqrtlasso","tall",74002,"public_default","picasso",2,5,0.0194,0.097,0.0193939208984375,0.0168519020080566,45
"sqrtlasso","tall",74002,"public_default","picasso",3,5,0.0194,0.097,0.0193939208984375,0.0168640613555908,45
"sqrtlasso","tall",74002,"public_default","picasso",4,5,0.0184,0.0919999999999999,0.0193939208984375,0.0165290832519531,45
"sqrtlasso","tall",74002,"public_default","picasso",5,5,0.019,0.095,0.0193939208984375,0.0166230201721191,45
"sqrtlasso","tall",74002,"public_default","picasso",6,5,0.0188,0.0940000000000001,0.0193939208984375,0.0167801380157471,45
"sqrtlasso","tall",74002,"public_default","picasso",7,5,0.019,0.0950000000000002,0.0193939208984375,0.0171148777008057,45
"sqrtlasso","tall",74003,"public_default","picasso",1,5,0.0204,0.102,0.020263671875,0.0185470581054688,45
"sqrtlasso","tall",74003,"public_default","picasso",2,5,0.0202,0.101,0.020263671875,0.0177609920501709,45
"sqrtlasso","tall",74003,"public_default","picasso",3,5,0.02,0.0999999999999999,0.020263671875,0.018280029296875,45
"sqrtlasso","tall",74003,"public_default","picasso",4,5,0.0206,0.103,0.020263671875,0.0177328586578369,45
"sqrtlasso","tall",74003,"public_default","picasso",5,5,0.0224,0.112,0.020263671875,0.0181679725646973,45
"sqrtlasso","tall",74003,"public_default","picasso",6,5,0.0204,0.102,0.020263671875,0.0177528858184814,45
"sqrtlasso","tall",74003,"public_default","picasso",7,5,0.0202,0.101,0.020263671875,0.0183970928192139,45
"sqrtlasso","wide",74001,"public_default","picasso",1,1,0.294,0.294,0.053131103515625,0.291587829589844,44
"sqrtlasso","wide",74001,"public_default","picasso",2,1,0.287,0.287,0.053131103515625,0.284623146057129,44
"sqrtlasso","wide",74001,"public_default","picasso",3,1,0.288,0.288,0.053131103515625,0.285048961639404,44
"sqrtlasso","wide",74001,"public_default","picasso",4,1,0.287,0.287,0.053131103515625,0.284044981002808,44
"sqrtlasso","wide",74001,"public_default","picasso",5,1,0.288,0.288,0.053131103515625,0.285668849945068,44
"sqrtlasso","wide",74001,"public_default","picasso",6,1,0.289,0.289,0.053131103515625,0.287132978439331,44
"sqrtlasso","wide",74001,"public_default","picasso",7,1,0.29,0.29,0.053131103515625,0.286757946014404,44
"sqrtlasso","wide",74002,"public_default","picasso",1,1,0.461,0.461,0.0536575317382812,0.457136154174805,38
"sqrtlasso","wide",74002,"public_default","picasso",2,1,0.439,0.439,0.0536575317382812,0.436694860458374,38
"sqrtlasso","wide",74002,"public_default","picasso",3,1,0.435,0.435,0.0536575317382812,0.432826995849609,38
"sqrtlasso","wide",74002,"public_default","picasso",4,1,0.433,0.433,0.0536575317382812,0.430892944335938,38
"sqrtlasso","wide",74002,"public_default","picasso",5,1,0.434,0.434,0.0536575317382812,0.43253493309021,38
"sqrtlasso","wide",74002,"public_default","picasso",6,1,0.427,0.427,0.0536575317382812,0.425235986709595,38
"sqrtlasso","wide",74002,"public_default","picasso",7,1,0.446,0.446,0.0536575317382812,0.443572998046875,38
"sqrtlasso","wide",74003,"public_default","picasso",1,5,0.0272,0.136,0.0371322631835938,0.0256991386413574,45
"sqrtlasso","wide",74003,"public_default","picasso",2,5,0.0274,0.137,0.0371322631835938,0.0264101028442383,45
"sqrtlasso","wide",74003,"public_default","picasso",3,5,0.0268,0.134,0.0371322631835938,0.0240960121154785,45
"sqrtlasso","wide",74003,"public_default","picasso",4,5,0.0282,0.141,0.0371322631835938,0.0257649421691895,45
"sqrtlasso","wide",74003,"public_default","picasso",5,5,0.0288,0.144,0.0371322631835938,0.0255458354949951,45
"sqrtlasso","wide",74003,"public_default","picasso",6,5,0.027,0.135,0.0371322631835938,0.0248749256134033,45
"sqrtlasso","wide",74003,"public_default","picasso",7,5,0.0266,0.133,0.0371322631835938,0.0247330665588379,45
